p_level ,value(getData("rram_0.mem_0:rram_r_read" ?result "tran" ?resultsDir "./arizona_rram_1r.raw") 130n) iteration 1  (-real),value(getData("rram_0.mem_0:rram_r_read" ?result "tran" ?resultsDir "./arizona_rram_1r.raw") 130n) iteration 2  (-real),value(getData("rram_0.mem_0:rram_r_read" ?result "tran" ?resultsDir "./arizona_rram_1r.raw") 130n) iteration 3  (-real),value(getData("rram_0.mem_0:rram_r_read" ?result "tran" ?resultsDir "./arizona_rram_1r.raw") 130n) iteration 4  (-real),value(getData("rram_0.mem_0:rram_r_read" ?result "tran" ?resultsDir "./arizona_rram_1r.raw") 130n) iteration 5  (-real),value(getData("rram_0.mem_0:rram_r_read" ?result "tran" ?resultsDir "./arizona_rram_1r.raw") 130n) iteration 6  (-real),value(getData("rram_0.mem_0:rram_r_read" ?result "tran" ?resultsDir "./arizona_rram_1r.raw") 130n) iteration 7  (-real),value(getData("rram_0.mem_0:rram_r_read" ?result "tran" ?resultsDir "./arizona_rram_1r.raw") 130n) iteration 8  (-real),value(getData("rram_0.mem_0:rram_r_read" ?result "tran" ?resultsDir "./arizona_rram_1r.raw") 130n) iteration 9  (-real),value(getData("rram_0.mem_0:rram_r_read" ?result "tran" ?resultsDir "./arizona_rram_1r.raw") 130n) iteration 10  (-real),value(getData("rram_0.mem_0:rram_r_read" ?result "tran" ?resultsDir "./arizona_rram_1r.raw") 130n) iteration 11  (-real),value(getData("rram_0.mem_0:rram_r_read" ?result "tran" ?resultsDir "./arizona_rram_1r.raw") 130n) iteration 12  (-real),value(getData("rram_0.mem_0:rram_r_read" ?result "tran" ?resultsDir "./arizona_rram_1r.raw") 130n) iteration 13  (-real),value(getData("rram_0.mem_0:rram_r_read" ?result "tran" ?resultsDir "./arizona_rram_1r.raw") 130n) iteration 14  (-real),value(getData("rram_0.mem_0:rram_r_read" ?result "tran" ?resultsDir "./arizona_rram_1r.raw") 130n) iteration 15  (-real),value(getData("rram_0.mem_0:rram_r_read" ?result "tran" ?resultsDir "./arizona_rram_1r.raw") 130n) iteration 16  (-real),value(getData("rram_0.mem_0:rram_r_read" ?result "tran" ?resultsDir "./arizona_rram_1r.raw") 130n) iteration 17  (-real),value(getData("rram_0.mem_0:rram_r_read" ?result "tran" ?resultsDir "./arizona_rram_1r.raw") 130n) iteration 18  (-real),value(getData("rram_0.mem_0:rram_r_read" ?result "tran" ?resultsDir "./arizona_rram_1r.raw") 130n) iteration 19  (-real),value(getData("rram_0.mem_0:rram_r_read" ?result "tran" ?resultsDir "./arizona_rram_1r.raw") 130n) iteration 20  (-real),value(getData("rram_0.mem_0:rram_r_read" ?result "tran" ?resultsDir "./arizona_rram_1r.raw") 130n) iteration 21  (-real),value(getData("rram_0.mem_0:rram_r_read" ?result "tran" ?resultsDir "./arizona_rram_1r.raw") 130n) iteration 22  (-real),value(getData("rram_0.mem_0:rram_r_read" ?result "tran" ?resultsDir "./arizona_rram_1r.raw") 130n) iteration 23  (-real),value(getData("rram_0.mem_0:rram_r_read" ?result "tran" ?resultsDir "./arizona_rram_1r.raw") 130n) iteration 24  (-real),value(getData("rram_0.mem_0:rram_r_read" ?result "tran" ?resultsDir "./arizona_rram_1r.raw") 130n) iteration 25  (-real),value(getData("rram_0.mem_0:rram_r_read" ?result "tran" ?resultsDir "./arizona_rram_1r.raw") 130n) iteration 26  (-real),value(getData("rram_0.mem_0:rram_r_read" ?result "tran" ?resultsDir "./arizona_rram_1r.raw") 130n) iteration 27  (-real),value(getData("rram_0.mem_0:rram_r_read" ?result "tran" ?resultsDir "./arizona_rram_1r.raw") 130n) iteration 28  (-real),value(getData("rram_0.mem_0:rram_r_read" ?result "tran" ?resultsDir "./arizona_rram_1r.raw") 130n) iteration 29  (-real),value(getData("rram_0.mem_0:rram_r_read" ?result "tran" ?resultsDir "./arizona_rram_1r.raw") 130n) iteration 30  (-real),value(getData("rram_0.mem_0:rram_r_read" ?result "tran" ?resultsDir "./arizona_rram_1r.raw") 130n) iteration 31  (-real),value(getData("rram_0.mem_0:rram_r_read" ?result "tran" ?resultsDir "./arizona_rram_1r.raw") 130n) iteration 32  (-real),value(getData("rram_0.mem_0:rram_r_read" ?result "tran" ?resultsDir "./arizona_rram_1r.raw") 130n) iteration 33  (-real),value(getData("rram_0.mem_0:rram_r_read" ?result "tran" ?resultsDir "./arizona_rram_1r.raw") 130n) iteration 34  (-real),value(getData("rram_0.mem_0:rram_r_read" ?result "tran" ?resultsDir "./arizona_rram_1r.raw") 130n) iteration 35  (-real),value(getData("rram_0.mem_0:rram_r_read" ?result "tran" ?resultsDir "./arizona_rram_1r.raw") 130n) iteration 36  (-real),value(getData("rram_0.mem_0:rram_r_read" ?result "tran" ?resultsDir "./arizona_rram_1r.raw") 130n) iteration 37  (-real),value(getData("rram_0.mem_0:rram_r_read" ?result "tran" ?resultsDir "./arizona_rram_1r.raw") 130n) iteration 38  (-real),value(getData("rram_0.mem_0:rram_r_read" ?result "tran" ?resultsDir "./arizona_rram_1r.raw") 130n) iteration 39  (-real),value(getData("rram_0.mem_0:rram_r_read" ?result "tran" ?resultsDir "./arizona_rram_1r.raw") 130n) iteration 40  (-real),value(getData("rram_0.mem_0:rram_r_read" ?result "tran" ?resultsDir "./arizona_rram_1r.raw") 130n) iteration 41  (-real),value(getData("rram_0.mem_0:rram_r_read" ?result "tran" ?resultsDir "./arizona_rram_1r.raw") 130n) iteration 42  (-real),value(getData("rram_0.mem_0:rram_r_read" ?result "tran" ?resultsDir "./arizona_rram_1r.raw") 130n) iteration 43  (-real),value(getData("rram_0.mem_0:rram_r_read" ?result "tran" ?resultsDir "./arizona_rram_1r.raw") 130n) iteration 44  (-real),value(getData("rram_0.mem_0:rram_r_read" ?result "tran" ?resultsDir "./arizona_rram_1r.raw") 130n) iteration 45  (-real),value(getData("rram_0.mem_0:rram_r_read" ?result "tran" ?resultsDir "./arizona_rram_1r.raw") 130n) iteration 46  (-real),value(getData("rram_0.mem_0:rram_r_read" ?result "tran" ?resultsDir "./arizona_rram_1r.raw") 130n) iteration 47  (-real),value(getData("rram_0.mem_0:rram_r_read" ?result "tran" ?resultsDir "./arizona_rram_1r.raw") 130n) iteration 48  (-real),value(getData("rram_0.mem_0:rram_r_read" ?result "tran" ?resultsDir "./arizona_rram_1r.raw") 130n) iteration 49  (-real),value(getData("rram_0.mem_0:rram_r_read" ?result "tran" ?resultsDir "./arizona_rram_1r.raw") 130n) iteration 50  (-real),value(getData("rram_0.mem_0:rram_r_read" ?result "tran" ?resultsDir "./arizona_rram_1r.raw") 130n) iteration 51  (-real),value(getData("rram_0.mem_0:rram_r_read" ?result "tran" ?resultsDir "./arizona_rram_1r.raw") 130n) iteration 52  (-real),value(getData("rram_0.mem_0:rram_r_read" ?result "tran" ?resultsDir "./arizona_rram_1r.raw") 130n) iteration 53  (-real),value(getData("rram_0.mem_0:rram_r_read" ?result "tran" ?resultsDir "./arizona_rram_1r.raw") 130n) iteration 54  (-real),value(getData("rram_0.mem_0:rram_r_read" ?result "tran" ?resultsDir "./arizona_rram_1r.raw") 130n) iteration 55  (-real),value(getData("rram_0.mem_0:rram_r_read" ?result "tran" ?resultsDir "./arizona_rram_1r.raw") 130n) iteration 56  (-real),value(getData("rram_0.mem_0:rram_r_read" ?result "tran" ?resultsDir "./arizona_rram_1r.raw") 130n) iteration 57  (-real),value(getData("rram_0.mem_0:rram_r_read" ?result "tran" ?resultsDir "./arizona_rram_1r.raw") 130n) iteration 58  (-real),value(getData("rram_0.mem_0:rram_r_read" ?result "tran" ?resultsDir "./arizona_rram_1r.raw") 130n) iteration 59  (-real),value(getData("rram_0.mem_0:rram_r_read" ?result "tran" ?resultsDir "./arizona_rram_1r.raw") 130n) iteration 60  (-real),value(getData("rram_0.mem_0:rram_r_read" ?result "tran" ?resultsDir "./arizona_rram_1r.raw") 130n) iteration 61  (-real),value(getData("rram_0.mem_0:rram_r_read" ?result "tran" ?resultsDir "./arizona_rram_1r.raw") 130n) iteration 62  (-real),value(getData("rram_0.mem_0:rram_r_read" ?result "tran" ?resultsDir "./arizona_rram_1r.raw") 130n) iteration 63  (-real),value(getData("rram_0.mem_0:rram_r_read" ?result "tran" ?resultsDir "./arizona_rram_1r.raw") 130n) iteration 64  (-real),value(getData("rram_0.mem_0:rram_r_read" ?result "tran" ?resultsDir "./arizona_rram_1r.raw") 130n) iteration 65  (-real),value(getData("rram_0.mem_0:rram_r_read" ?result "tran" ?resultsDir "./arizona_rram_1r.raw") 130n) iteration 66  (-real),value(getData("rram_0.mem_0:rram_r_read" ?result "tran" ?resultsDir "./arizona_rram_1r.raw") 130n) iteration 67  (-real),value(getData("rram_0.mem_0:rram_r_read" ?result "tran" ?resultsDir "./arizona_rram_1r.raw") 130n) iteration 68  (-real),value(getData("rram_0.mem_0:rram_r_read" ?result "tran" ?resultsDir "./arizona_rram_1r.raw") 130n) iteration 69  (-real),value(getData("rram_0.mem_0:rram_r_read" ?result "tran" ?resultsDir "./arizona_rram_1r.raw") 130n) iteration 70  (-real),value(getData("rram_0.mem_0:rram_r_read" ?result "tran" ?resultsDir "./arizona_rram_1r.raw") 130n) iteration 71  (-real),value(getData("rram_0.mem_0:rram_r_read" ?result "tran" ?resultsDir "./arizona_rram_1r.raw") 130n) iteration 72  (-real),value(getData("rram_0.mem_0:rram_r_read" ?result "tran" ?resultsDir "./arizona_rram_1r.raw") 130n) iteration 73  (-real),value(getData("rram_0.mem_0:rram_r_read" ?result "tran" ?resultsDir "./arizona_rram_1r.raw") 130n) iteration 74  (-real),value(getData("rram_0.mem_0:rram_r_read" ?result "tran" ?resultsDir "./arizona_rram_1r.raw") 130n) iteration 75  (-real),value(getData("rram_0.mem_0:rram_r_read" ?result "tran" ?resultsDir "./arizona_rram_1r.raw") 130n) iteration 76  (-real),value(getData("rram_0.mem_0:rram_r_read" ?result "tran" ?resultsDir "./arizona_rram_1r.raw") 130n) iteration 77  (-real),value(getData("rram_0.mem_0:rram_r_read" ?result "tran" ?resultsDir "./arizona_rram_1r.raw") 130n) iteration 78  (-real),value(getData("rram_0.mem_0:rram_r_read" ?result "tran" ?resultsDir "./arizona_rram_1r.raw") 130n) iteration 79  (-real),value(getData("rram_0.mem_0:rram_r_read" ?result "tran" ?resultsDir "./arizona_rram_1r.raw") 130n) iteration 80  (-real),value(getData("rram_0.mem_0:rram_r_read" ?result "tran" ?resultsDir "./arizona_rram_1r.raw") 130n) iteration 81  (-real),value(getData("rram_0.mem_0:rram_r_read" ?result "tran" ?resultsDir "./arizona_rram_1r.raw") 130n) iteration 82  (-real),value(getData("rram_0.mem_0:rram_r_read" ?result "tran" ?resultsDir "./arizona_rram_1r.raw") 130n) iteration 83  (-real),value(getData("rram_0.mem_0:rram_r_read" ?result "tran" ?resultsDir "./arizona_rram_1r.raw") 130n) iteration 84  (-real),value(getData("rram_0.mem_0:rram_r_read" ?result "tran" ?resultsDir "./arizona_rram_1r.raw") 130n) iteration 85  (-real),value(getData("rram_0.mem_0:rram_r_read" ?result "tran" ?resultsDir "./arizona_rram_1r.raw") 130n) iteration 86  (-real),value(getData("rram_0.mem_0:rram_r_read" ?result "tran" ?resultsDir "./arizona_rram_1r.raw") 130n) iteration 87  (-real),value(getData("rram_0.mem_0:rram_r_read" ?result "tran" ?resultsDir "./arizona_rram_1r.raw") 130n) iteration 88  (-real),value(getData("rram_0.mem_0:rram_r_read" ?result "tran" ?resultsDir "./arizona_rram_1r.raw") 130n) iteration 89  (-real),value(getData("rram_0.mem_0:rram_r_read" ?result "tran" ?resultsDir "./arizona_rram_1r.raw") 130n) iteration 90  (-real),value(getData("rram_0.mem_0:rram_r_read" ?result "tran" ?resultsDir "./arizona_rram_1r.raw") 130n) iteration 91  (-real),value(getData("rram_0.mem_0:rram_r_read" ?result "tran" ?resultsDir "./arizona_rram_1r.raw") 130n) iteration 92  (-real),value(getData("rram_0.mem_0:rram_r_read" ?result "tran" ?resultsDir "./arizona_rram_1r.raw") 130n) iteration 93  (-real),value(getData("rram_0.mem_0:rram_r_read" ?result "tran" ?resultsDir "./arizona_rram_1r.raw") 130n) iteration 94  (-real),value(getData("rram_0.mem_0:rram_r_read" ?result "tran" ?resultsDir "./arizona_rram_1r.raw") 130n) iteration 95  (-real),value(getData("rram_0.mem_0:rram_r_read" ?result "tran" ?resultsDir "./arizona_rram_1r.raw") 130n) iteration 96  (-real),value(getData("rram_0.mem_0:rram_r_read" ?result "tran" ?resultsDir "./arizona_rram_1r.raw") 130n) iteration 97  (-real),value(getData("rram_0.mem_0:rram_r_read" ?result "tran" ?resultsDir "./arizona_rram_1r.raw") 130n) iteration 98  (-real),value(getData("rram_0.mem_0:rram_r_read" ?result "tran" ?resultsDir "./arizona_rram_1r.raw") 130n) iteration 99  (-real),value(getData("rram_0.mem_0:rram_r_read" ?result "tran" ?resultsDir "./arizona_rram_1r.raw") 130n) iteration 100  (-real),value(getData("rram_0.mem_0:rram_r_read" ?result "tran" ?resultsDir "./arizona_rram_1r.raw") 130n) iteration 101  (-real),value(getData("rram_0.mem_0:rram_r_read" ?result "tran" ?resultsDir "./arizona_rram_1r.raw") 130n) iteration 102  (-real),value(getData("rram_0.mem_0:rram_r_read" ?result "tran" ?resultsDir "./arizona_rram_1r.raw") 130n) iteration 103  (-real),value(getData("rram_0.mem_0:rram_r_read" ?result "tran" ?resultsDir "./arizona_rram_1r.raw") 130n) iteration 104  (-real),value(getData("rram_0.mem_0:rram_r_read" ?result "tran" ?resultsDir "./arizona_rram_1r.raw") 130n) iteration 105  (-real),value(getData("rram_0.mem_0:rram_r_read" ?result "tran" ?resultsDir "./arizona_rram_1r.raw") 130n) iteration 106  (-real),value(getData("rram_0.mem_0:rram_r_read" ?result "tran" ?resultsDir "./arizona_rram_1r.raw") 130n) iteration 107  (-real),value(getData("rram_0.mem_0:rram_r_read" ?result "tran" ?resultsDir "./arizona_rram_1r.raw") 130n) iteration 108  (-real),value(getData("rram_0.mem_0:rram_r_read" ?result "tran" ?resultsDir "./arizona_rram_1r.raw") 130n) iteration 109  (-real),value(getData("rram_0.mem_0:rram_r_read" ?result "tran" ?resultsDir "./arizona_rram_1r.raw") 130n) iteration 110  (-real),value(getData("rram_0.mem_0:rram_r_read" ?result "tran" ?resultsDir "./arizona_rram_1r.raw") 130n) iteration 111  (-real),value(getData("rram_0.mem_0:rram_r_read" ?result "tran" ?resultsDir "./arizona_rram_1r.raw") 130n) iteration 112  (-real),value(getData("rram_0.mem_0:rram_r_read" ?result "tran" ?resultsDir "./arizona_rram_1r.raw") 130n) iteration 113  (-real),value(getData("rram_0.mem_0:rram_r_read" ?result "tran" ?resultsDir "./arizona_rram_1r.raw") 130n) iteration 114  (-real),value(getData("rram_0.mem_0:rram_r_read" ?result "tran" ?resultsDir "./arizona_rram_1r.raw") 130n) iteration 115  (-real),value(getData("rram_0.mem_0:rram_r_read" ?result "tran" ?resultsDir "./arizona_rram_1r.raw") 130n) iteration 116  (-real),value(getData("rram_0.mem_0:rram_r_read" ?result "tran" ?resultsDir "./arizona_rram_1r.raw") 130n) iteration 117  (-real),value(getData("rram_0.mem_0:rram_r_read" ?result "tran" ?resultsDir "./arizona_rram_1r.raw") 130n) iteration 118  (-real),value(getData("rram_0.mem_0:rram_r_read" ?result "tran" ?resultsDir "./arizona_rram_1r.raw") 130n) iteration 119  (-real),value(getData("rram_0.mem_0:rram_r_read" ?result "tran" ?resultsDir "./arizona_rram_1r.raw") 130n) iteration 120  (-real),value(getData("rram_0.mem_0:rram_r_read" ?result "tran" ?resultsDir "./arizona_rram_1r.raw") 130n) iteration 121  (-real),value(getData("rram_0.mem_0:rram_r_read" ?result "tran" ?resultsDir "./arizona_rram_1r.raw") 130n) iteration 122  (-real),value(getData("rram_0.mem_0:rram_r_read" ?result "tran" ?resultsDir "./arizona_rram_1r.raw") 130n) iteration 123  (-real),value(getData("rram_0.mem_0:rram_r_read" ?result "tran" ?resultsDir "./arizona_rram_1r.raw") 130n) iteration 124  (-real),value(getData("rram_0.mem_0:rram_r_read" ?result "tran" ?resultsDir "./arizona_rram_1r.raw") 130n) iteration 125  (-real),value(getData("rram_0.mem_0:rram_r_read" ?result "tran" ?resultsDir "./arizona_rram_1r.raw") 130n) iteration 126  (-real),value(getData("rram_0.mem_0:rram_r_read" ?result "tran" ?resultsDir "./arizona_rram_1r.raw") 130n) iteration 127  (-real),value(getData("rram_0.mem_0:rram_r_read" ?result "tran" ?resultsDir "./arizona_rram_1r.raw") 130n) iteration 128  (-real),value(getData("rram_0.mem_0:rram_r_read" ?result "tran" ?resultsDir "./arizona_rram_1r.raw") 130n) iteration 129  (-real),value(getData("rram_0.mem_0:rram_r_read" ?result "tran" ?resultsDir "./arizona_rram_1r.raw") 130n) iteration 130  (-real),value(getData("rram_0.mem_0:rram_r_read" ?result "tran" ?resultsDir "./arizona_rram_1r.raw") 130n) iteration 131  (-real),value(getData("rram_0.mem_0:rram_r_read" ?result "tran" ?resultsDir "./arizona_rram_1r.raw") 130n) iteration 132  (-real),value(getData("rram_0.mem_0:rram_r_read" ?result "tran" ?resultsDir "./arizona_rram_1r.raw") 130n) iteration 133  (-real),value(getData("rram_0.mem_0:rram_r_read" ?result "tran" ?resultsDir "./arizona_rram_1r.raw") 130n) iteration 134  (-real),value(getData("rram_0.mem_0:rram_r_read" ?result "tran" ?resultsDir "./arizona_rram_1r.raw") 130n) iteration 135  (-real),value(getData("rram_0.mem_0:rram_r_read" ?result "tran" ?resultsDir "./arizona_rram_1r.raw") 130n) iteration 136  (-real),value(getData("rram_0.mem_0:rram_r_read" ?result "tran" ?resultsDir "./arizona_rram_1r.raw") 130n) iteration 137  (-real),value(getData("rram_0.mem_0:rram_r_read" ?result "tran" ?resultsDir "./arizona_rram_1r.raw") 130n) iteration 138  (-real),value(getData("rram_0.mem_0:rram_r_read" ?result "tran" ?resultsDir "./arizona_rram_1r.raw") 130n) iteration 139  (-real),value(getData("rram_0.mem_0:rram_r_read" ?result "tran" ?resultsDir "./arizona_rram_1r.raw") 130n) iteration 140  (-real),value(getData("rram_0.mem_0:rram_r_read" ?result "tran" ?resultsDir "./arizona_rram_1r.raw") 130n) iteration 141  (-real),value(getData("rram_0.mem_0:rram_r_read" ?result "tran" ?resultsDir "./arizona_rram_1r.raw") 130n) iteration 142  (-real),value(getData("rram_0.mem_0:rram_r_read" ?result "tran" ?resultsDir "./arizona_rram_1r.raw") 130n) iteration 143  (-real),value(getData("rram_0.mem_0:rram_r_read" ?result "tran" ?resultsDir "./arizona_rram_1r.raw") 130n) iteration 144  (-real),value(getData("rram_0.mem_0:rram_r_read" ?result "tran" ?resultsDir "./arizona_rram_1r.raw") 130n) iteration 145  (-real),value(getData("rram_0.mem_0:rram_r_read" ?result "tran" ?resultsDir "./arizona_rram_1r.raw") 130n) iteration 146  (-real),value(getData("rram_0.mem_0:rram_r_read" ?result "tran" ?resultsDir "./arizona_rram_1r.raw") 130n) iteration 147  (-real),value(getData("rram_0.mem_0:rram_r_read" ?result "tran" ?resultsDir "./arizona_rram_1r.raw") 130n) iteration 148  (-real),value(getData("rram_0.mem_0:rram_r_read" ?result "tran" ?resultsDir "./arizona_rram_1r.raw") 130n) iteration 149  (-real),value(getData("rram_0.mem_0:rram_r_read" ?result "tran" ?resultsDir "./arizona_rram_1r.raw") 130n) iteration 150  (-real),value(getData("rram_0.mem_0:rram_r_read" ?result "tran" ?resultsDir "./arizona_rram_1r.raw") 130n) iteration 151  (-real),value(getData("rram_0.mem_0:rram_r_read" ?result "tran" ?resultsDir "./arizona_rram_1r.raw") 130n) iteration 152  (-real),value(getData("rram_0.mem_0:rram_r_read" ?result "tran" ?resultsDir "./arizona_rram_1r.raw") 130n) iteration 153  (-real),value(getData("rram_0.mem_0:rram_r_read" ?result "tran" ?resultsDir "./arizona_rram_1r.raw") 130n) iteration 154  (-real),value(getData("rram_0.mem_0:rram_r_read" ?result "tran" ?resultsDir "./arizona_rram_1r.raw") 130n) iteration 155  (-real),value(getData("rram_0.mem_0:rram_r_read" ?result "tran" ?resultsDir "./arizona_rram_1r.raw") 130n) iteration 156  (-real),value(getData("rram_0.mem_0:rram_r_read" ?result "tran" ?resultsDir "./arizona_rram_1r.raw") 130n) iteration 157  (-real),value(getData("rram_0.mem_0:rram_r_read" ?result "tran" ?resultsDir "./arizona_rram_1r.raw") 130n) iteration 158  (-real),value(getData("rram_0.mem_0:rram_r_read" ?result "tran" ?resultsDir "./arizona_rram_1r.raw") 130n) iteration 159  (-real),value(getData("rram_0.mem_0:rram_r_read" ?result "tran" ?resultsDir "./arizona_rram_1r.raw") 130n) iteration 160  (-real),value(getData("rram_0.mem_0:rram_r_read" ?result "tran" ?resultsDir "./arizona_rram_1r.raw") 130n) iteration 161  (-real),value(getData("rram_0.mem_0:rram_r_read" ?result "tran" ?resultsDir "./arizona_rram_1r.raw") 130n) iteration 162  (-real),value(getData("rram_0.mem_0:rram_r_read" ?result "tran" ?resultsDir "./arizona_rram_1r.raw") 130n) iteration 163  (-real),value(getData("rram_0.mem_0:rram_r_read" ?result "tran" ?resultsDir "./arizona_rram_1r.raw") 130n) iteration 164  (-real),value(getData("rram_0.mem_0:rram_r_read" ?result "tran" ?resultsDir "./arizona_rram_1r.raw") 130n) iteration 165  (-real),value(getData("rram_0.mem_0:rram_r_read" ?result "tran" ?resultsDir "./arizona_rram_1r.raw") 130n) iteration 166  (-real),value(getData("rram_0.mem_0:rram_r_read" ?result "tran" ?resultsDir "./arizona_rram_1r.raw") 130n) iteration 167  (-real),value(getData("rram_0.mem_0:rram_r_read" ?result "tran" ?resultsDir "./arizona_rram_1r.raw") 130n) iteration 168  (-real),value(getData("rram_0.mem_0:rram_r_read" ?result "tran" ?resultsDir "./arizona_rram_1r.raw") 130n) iteration 169  (-real),value(getData("rram_0.mem_0:rram_r_read" ?result "tran" ?resultsDir "./arizona_rram_1r.raw") 130n) iteration 170  (-real),value(getData("rram_0.mem_0:rram_r_read" ?result "tran" ?resultsDir "./arizona_rram_1r.raw") 130n) iteration 171  (-real),value(getData("rram_0.mem_0:rram_r_read" ?result "tran" ?resultsDir "./arizona_rram_1r.raw") 130n) iteration 172  (-real),value(getData("rram_0.mem_0:rram_r_read" ?result "tran" ?resultsDir "./arizona_rram_1r.raw") 130n) iteration 173  (-real),value(getData("rram_0.mem_0:rram_r_read" ?result "tran" ?resultsDir "./arizona_rram_1r.raw") 130n) iteration 174  (-real),value(getData("rram_0.mem_0:rram_r_read" ?result "tran" ?resultsDir "./arizona_rram_1r.raw") 130n) iteration 175  (-real),value(getData("rram_0.mem_0:rram_r_read" ?result "tran" ?resultsDir "./arizona_rram_1r.raw") 130n) iteration 176  (-real),value(getData("rram_0.mem_0:rram_r_read" ?result "tran" ?resultsDir "./arizona_rram_1r.raw") 130n) iteration 177  (-real),value(getData("rram_0.mem_0:rram_r_read" ?result "tran" ?resultsDir "./arizona_rram_1r.raw") 130n) iteration 178  (-real),value(getData("rram_0.mem_0:rram_r_read" ?result "tran" ?resultsDir "./arizona_rram_1r.raw") 130n) iteration 179  (-real),value(getData("rram_0.mem_0:rram_r_read" ?result "tran" ?resultsDir "./arizona_rram_1r.raw") 130n) iteration 180  (-real),value(getData("rram_0.mem_0:rram_r_read" ?result "tran" ?resultsDir "./arizona_rram_1r.raw") 130n) iteration 181  (-real),value(getData("rram_0.mem_0:rram_r_read" ?result "tran" ?resultsDir "./arizona_rram_1r.raw") 130n) iteration 182  (-real),value(getData("rram_0.mem_0:rram_r_read" ?result "tran" ?resultsDir "./arizona_rram_1r.raw") 130n) iteration 183  (-real),value(getData("rram_0.mem_0:rram_r_read" ?result "tran" ?resultsDir "./arizona_rram_1r.raw") 130n) iteration 184  (-real),value(getData("rram_0.mem_0:rram_r_read" ?result "tran" ?resultsDir "./arizona_rram_1r.raw") 130n) iteration 185  (-real),value(getData("rram_0.mem_0:rram_r_read" ?result "tran" ?resultsDir "./arizona_rram_1r.raw") 130n) iteration 186  (-real),value(getData("rram_0.mem_0:rram_r_read" ?result "tran" ?resultsDir "./arizona_rram_1r.raw") 130n) iteration 187  (-real),value(getData("rram_0.mem_0:rram_r_read" ?result "tran" ?resultsDir "./arizona_rram_1r.raw") 130n) iteration 188  (-real),value(getData("rram_0.mem_0:rram_r_read" ?result "tran" ?resultsDir "./arizona_rram_1r.raw") 130n) iteration 189  (-real),value(getData("rram_0.mem_0:rram_r_read" ?result "tran" ?resultsDir "./arizona_rram_1r.raw") 130n) iteration 190  (-real),value(getData("rram_0.mem_0:rram_r_read" ?result "tran" ?resultsDir "./arizona_rram_1r.raw") 130n) iteration 191  (-real),value(getData("rram_0.mem_0:rram_r_read" ?result "tran" ?resultsDir "./arizona_rram_1r.raw") 130n) iteration 192  (-real),value(getData("rram_0.mem_0:rram_r_read" ?result "tran" ?resultsDir "./arizona_rram_1r.raw") 130n) iteration 193  (-real),value(getData("rram_0.mem_0:rram_r_read" ?result "tran" ?resultsDir "./arizona_rram_1r.raw") 130n) iteration 194  (-real),value(getData("rram_0.mem_0:rram_r_read" ?result "tran" ?resultsDir "./arizona_rram_1r.raw") 130n) iteration 195  (-real),value(getData("rram_0.mem_0:rram_r_read" ?result "tran" ?resultsDir "./arizona_rram_1r.raw") 130n) iteration 196  (-real),value(getData("rram_0.mem_0:rram_r_read" ?result "tran" ?resultsDir "./arizona_rram_1r.raw") 130n) iteration 197  (-real),value(getData("rram_0.mem_0:rram_r_read" ?result "tran" ?resultsDir "./arizona_rram_1r.raw") 130n) iteration 198  (-real),value(getData("rram_0.mem_0:rram_r_read" ?result "tran" ?resultsDir "./arizona_rram_1r.raw") 130n) iteration 199  (-real),value(getData("rram_0.mem_0:rram_r_read" ?result "tran" ?resultsDir "./arizona_rram_1r.raw") 130n) iteration 200  (-real)
0.000,9.984E3,9.984E3,9.984E3,9.984E3,9.984E3,9.984E3,9.984E3,9.984E3,9.984E3,9.984E3,9.984E3,9.984E3,9.984E3,9.984E3,9.984E3,9.984E3,9.984E3,9.984E3,9.984E3,9.984E3,9.984E3,9.984E3,9.984E3,9.984E3,9.984E3,9.984E3,9.984E3,9.984E3,9.984E3,9.984E3,9.984E3,9.984E3,9.984E3,9.984E3,9.984E3,9.984E3,9.984E3,9.984E3,9.984E3,9.984E3,9.984E3,9.984E3,9.984E3,9.984E3,9.984E3,9.984E3,9.984E3,9.984E3,9.984E3,9.984E3,9.984E3,9.984E3,9.984E3,9.984E3,9.984E3,9.984E3,9.984E3,9.984E3,9.984E3,9.984E3,9.984E3,9.984E3,9.984E3,9.984E3,9.984E3,9.984E3,9.984E3,9.984E3,9.984E3,9.984E3,9.984E3,9.984E3,9.984E3,9.984E3,9.984E3,9.984E3,9.984E3,9.984E3,9.984E3,9.984E3,9.984E3,9.984E3,9.984E3,9.984E3,9.984E3,9.984E3,9.984E3,9.984E3,9.984E3,9.984E3,9.984E3,9.984E3,9.984E3,9.984E3,9.984E3,9.984E3,9.984E3,9.984E3,9.984E3,9.984E3,9.984E3,9.984E3,9.984E3,9.984E3,9.984E3,9.984E3,9.984E3,9.984E3,9.984E3,9.984E3,9.984E3,9.984E3,9.984E3,9.984E3,9.984E3,9.984E3,9.984E3,9.984E3,9.984E3,9.984E3,9.984E3,9.984E3,9.984E3,9.984E3,9.984E3,9.984E3,9.984E3,9.984E3,9.984E3,9.984E3,9.984E3,9.984E3,9.984E3,9.984E3,9.984E3,9.984E3,9.984E3,9.984E3,9.984E3,9.984E3,9.984E3,9.984E3,9.984E3,9.984E3,9.984E3,9.984E3,9.984E3,9.984E3,9.984E3,9.984E3,9.984E3,9.984E3,9.984E3,9.984E3,9.984E3,9.984E3,9.984E3,9.984E3,9.984E3,9.984E3,9.984E3,9.984E3,9.984E3,9.984E3,9.984E3,9.984E3,9.984E3,9.984E3,9.984E3,9.984E3,9.984E3,9.984E3,9.984E3,9.984E3,9.984E3,9.984E3,9.984E3,9.984E3,9.984E3,9.984E3,9.984E3,9.984E3,9.984E3,9.984E3,9.984E3,9.984E3,9.984E3,9.984E3,9.984E3,9.984E3,9.984E3,9.984E3,9.984E3,9.984E3,9.984E3,9.984E3,9.984E3,9.984E3,9.984E3,9.984E3
1.000,41.91E3,41.91E3,41.91E3,41.92E3,41.96E3,41.93E3,41.87E3,41.98E3,41.93E3,41.92E3,41.99E3,41.86E3,41.94E3,42.08E3,42.00E3,41.99E3,41.95E3,41.84E3,42.01E3,41.91E3,41.80E3,41.94E3,41.97E3,41.83E3,41.92E3,41.97E3,41.89E3,41.88E3,42.01E3,41.96E3,41.86E3,41.96E3,41.99E3,41.93E3,41.78E3,41.87E3,41.93E3,41.91E3,41.92E3,41.92E3,41.91E3,41.84E3,41.86E3,41.91E3,41.99E3,41.85E3,42.14E3,41.91E3,41.89E3,41.95E3,41.82E3,41.98E3,41.98E3,41.87E3,41.85E3,41.85E3,42.00E3,41.92E3,42.03E3,41.80E3,41.91E3,41.89E3,42.00E3,41.84E3,41.91E3,41.98E3,42.10E3,41.97E3,41.89E3,41.97E3,41.97E3,41.99E3,41.88E3,41.88E3,42.13E3,41.96E3,41.94E3,42.00E3,41.94E3,41.80E3,41.85E3,41.91E3,41.94E3,41.85E3,41.99E3,41.94E3,41.96E3,42.14E3,41.90E3,41.98E3,41.94E3,42.18E3,41.85E3,41.82E3,41.99E3,41.93E3,42.05E3,41.96E3,41.90E3,41.80E3,41.91E3,41.87E3,41.89E3,41.94E3,41.88E3,41.94E3,41.84E3,41.88E3,41.97E3,41.78E3,41.96E3,41.97E3,42.02E3,41.73E3,42.08E3,41.85E3,41.92E3,41.95E3,41.91E3,41.96E3,41.74E3,41.87E3,42.07E3,41.91E3,41.95E3,41.99E3,41.89E3,41.77E3,41.92E3,41.92E3,41.96E3,41.96E3,41.87E3,42.02E3,41.98E3,41.95E3,41.97E3,41.98E3,41.84E3,42.00E3,41.92E3,41.86E3,41.77E3,41.95E3,41.98E3,41.83E3,41.82E3,41.89E3,42.00E3,42.00E3,41.92E3,42.06E3,41.97E3,41.88E3,42.02E3,41.96E3,41.86E3,41.89E3,41.87E3,41.90E3,41.87E3,41.87E3,41.94E3,42.01E3,41.87E3,41.95E3,41.85E3,41.96E3,41.72E3,42.00E3,42.05E3,42.01E3,41.85E3,42.08E3,42.03E3,41.99E3,41.86E3,41.86E3,41.94E3,41.91E3,41.99E3,41.92E3,41.87E3,41.91E3,41.83E3,41.97E3,41.90E3,41.85E3,41.91E3,41.99E3,41.69E3,41.90E3,41.93E3,41.94E3,42.01E3,41.97E3,41.90E3,41.96E3,41.86E3,41.84E3
2.000,73.90E3,73.89E3,73.90E3,73.92E3,74.00E3,73.93E3,73.80E3,74.03E3,73.93E3,73.92E3,74.05E3,73.80E3,73.95E3,74.24E3,74.08E3,74.06E3,73.97E3,73.74E3,74.09E3,73.89E3,73.68E3,73.95E3,74.02E3,73.73E3,73.92E3,74.02E3,73.84E3,73.83E3,74.10E3,73.99E3,73.78E3,74.00E3,74.05E3,73.93E3,73.63E3,73.81E3,73.93E3,73.89E3,73.91E3,73.92E3,73.89E3,73.76E3,73.79E3,73.90E3,74.06E3,73.78E3,74.36E3,73.89E3,73.86E3,73.97E3,73.72E3,74.03E3,74.04E3,73.81E3,73.77E3,73.77E3,74.07E3,73.91E3,74.14E3,73.67E3,73.90E3,73.85E3,74.08E3,73.74E3,73.89E3,74.02E3,74.27E3,74.02E3,73.85E3,74.01E3,74.01E3,74.04E3,73.83E3,73.83E3,74.33E3,73.98E3,73.96E3,74.08E3,73.96E3,73.66E3,73.77E3,73.90E3,73.95E3,73.78E3,74.06E3,73.96E3,73.99E3,74.35E3,73.88E3,74.03E3,73.95E3,74.44E3,73.77E3,73.71E3,74.05E3,73.94E3,74.18E3,74.00E3,73.88E3,73.67E3,73.89E3,73.81E3,73.86E3,73.95E3,73.84E3,73.94E3,73.75E3,73.83E3,74.01E3,73.63E3,73.99E3,74.01E3,74.10E3,73.52E3,74.23E3,73.78E3,73.91E3,73.98E3,73.89E3,73.99E3,73.55E3,73.82E3,74.21E3,73.89E3,73.97E3,74.05E3,73.86E3,73.62E3,73.92E3,73.91E3,73.98E3,73.99E3,73.81E3,74.11E3,74.03E3,73.96E3,74.02E3,74.03E3,73.76E3,74.08E3,73.92E3,73.80E3,73.61E3,73.98E3,74.03E3,73.73E3,73.70E3,73.84E3,74.07E3,74.08E3,73.91E3,74.19E3,74.02E3,73.82E3,74.12E3,73.99E3,73.80E3,73.86E3,73.81E3,73.86E3,73.81E3,73.81E3,73.96E3,74.10E3,73.82E3,73.97E3,73.77E3,73.99E3,73.51E3,74.07E3,74.18E3,74.10E3,73.76E3,74.23E3,74.13E3,74.05E3,73.80E3,73.80E3,73.95E3,73.88E3,74.05E3,73.91E3,73.80E3,73.90E3,73.74E3,74.01E3,73.87E3,73.77E3,73.89E3,74.05E3,73.45E3,73.88E3,73.92E3,73.96E3,74.09E3,74.02E3,73.87E3,73.99E3,73.78E3,73.74E3
3.000,105.3E3,105.3E3,105.3E3,105.3E3,105.4E3,105.3E3,105.1E3,105.5E3,105.3E3,105.3E3,105.5E3,105.1E3,105.4E3,105.8E3,105.6E3,105.5E3,105.4E3,105.0E3,105.6E3,105.3E3,104.9E3,105.4E3,105.5E3,105.0E3,105.3E3,105.5E3,105.2E3,105.2E3,105.6E3,105.4E3,105.1E3,105.4E3,105.5E3,105.3E3,104.9E3,105.1E3,105.3E3,105.3E3,105.3E3,105.3E3,105.3E3,105.1E3,105.1E3,105.3E3,105.5E3,105.1E3,106.0E3,105.3E3,105.2E3,105.4E3,105.0E3,105.5E3,105.5E3,105.1E3,105.1E3,105.1E3,105.5E3,105.3E3,105.7E3,104.9E3,105.3E3,105.2E3,105.6E3,105.0E3,105.3E3,105.5E3,105.9E3,105.5E3,105.2E3,105.4E3,105.5E3,105.5E3,105.2E3,105.2E3,106.0E3,105.4E3,105.4E3,105.6E3,105.4E3,104.9E3,105.1E3,105.3E3,105.4E3,105.1E3,105.5E3,105.4E3,105.4E3,106.0E3,105.2E3,105.5E3,105.4E3,106.1E3,105.1E3,105.0E3,105.5E3,105.3E3,105.7E3,105.4E3,105.2E3,104.9E3,105.3E3,105.1E3,105.2E3,105.4E3,105.2E3,105.3E3,105.0E3,105.2E3,105.4E3,104.9E3,105.4E3,105.4E3,105.6E3,104.7E3,105.8E3,105.1E3,105.3E3,105.4E3,105.3E3,105.4E3,104.7E3,105.2E3,105.8E3,105.3E3,105.4E3,105.5E3,105.2E3,104.8E3,105.3E3,105.3E3,105.4E3,105.4E3,105.1E3,105.6E3,105.5E3,105.4E3,105.5E3,105.5E3,105.1E3,105.6E3,105.3E3,105.1E3,104.8E3,105.4E3,105.5E3,105.0E3,105.0E3,105.2E3,105.6E3,105.6E3,105.3E3,105.7E3,105.5E3,105.2E3,105.6E3,105.4E3,105.1E3,105.2E3,105.1E3,105.2E3,105.1E3,105.1E3,105.4E3,105.6E3,105.2E3,105.4E3,105.1E3,105.4E3,104.7E3,105.6E3,105.7E3,105.6E3,105.1E3,105.8E3,105.6E3,105.5E3,105.1E3,105.1E3,105.4E3,105.3E3,105.5E3,105.3E3,105.1E3,105.3E3,105.0E3,105.5E3,105.2E3,105.1E3,105.3E3,105.5E3,104.6E3,105.2E3,105.3E3,105.4E3,105.6E3,105.5E3,105.2E3,105.4E3,105.1E3,105.0E3
4.000,137.5E3,137.5E3,137.5E3,137.5E3,137.7E3,137.6E3,137.3E3,137.8E3,137.6E3,137.6E3,137.9E3,137.3E3,137.6E3,138.3E3,137.9E3,137.9E3,137.7E3,137.2E3,137.9E3,137.5E3,137.0E3,137.6E3,137.8E3,137.1E3,137.6E3,137.8E3,137.4E3,137.3E3,137.9E3,137.7E3,137.2E3,137.7E3,137.8E3,137.6E3,136.9E3,137.3E3,137.6E3,137.5E3,137.5E3,137.5E3,137.5E3,137.2E3,137.3E3,137.5E3,137.9E3,137.2E3,138.5E3,137.5E3,137.4E3,137.7E3,137.1E3,137.8E3,137.8E3,137.3E3,137.2E3,137.2E3,137.9E3,137.5E3,138.0E3,137.0E3,137.5E3,137.4E3,137.9E3,137.2E3,137.5E3,137.8E3,138.3E3,137.8E3,137.4E3,137.7E3,137.8E3,137.8E3,137.3E3,137.4E3,138.5E3,137.7E3,137.6E3,137.9E3,137.6E3,137.0E3,137.2E3,137.5E3,137.6E3,137.2E3,137.9E3,137.6E3,137.7E3,138.5E3,137.5E3,137.8E3,137.6E3,138.7E3,137.2E3,137.1E3,137.8E3,137.6E3,138.1E3,137.7E3,137.5E3,137.0E3,137.5E3,137.3E3,137.4E3,137.6E3,137.4E3,137.6E3,137.2E3,137.3E3,137.7E3,136.9E3,137.7E3,137.7E3,138.0E3,136.7E3,138.2E3,137.2E3,137.5E3,137.7E3,137.5E3,137.7E3,136.7E3,137.3E3,138.2E3,137.5E3,137.7E3,137.8E3,137.4E3,136.9E3,137.6E3,137.5E3,137.7E3,137.7E3,137.3E3,138.0E3,137.8E3,137.6E3,137.8E3,137.8E3,137.2E3,137.9E3,137.5E3,137.3E3,136.9E3,137.7E3,137.8E3,137.1E3,137.1E3,137.4E3,137.9E3,137.9E3,137.5E3,138.2E3,137.8E3,137.3E3,138.0E3,137.7E3,137.3E3,137.4E3,137.3E3,137.4E3,137.3E3,137.3E3,137.6E3,137.9E3,137.3E3,137.7E3,137.2E3,137.7E3,136.6E3,137.9E3,138.1E3,137.9E3,137.2E3,138.2E3,138.0E3,137.8E3,137.3E3,137.3E3,137.6E3,137.5E3,137.8E3,137.5E3,137.3E3,137.5E3,137.1E3,137.8E3,137.4E3,137.2E3,137.5E3,137.8E3,136.5E3,137.5E3,137.6E3,137.6E3,137.9E3,137.8E3,137.4E3,137.7E3,137.2E3,137.2E3
5.000,169.1E3,169.1E3,169.1E3,169.2E3,169.4E3,169.2E3,168.8E3,169.5E3,169.2E3,169.2E3,169.6E3,168.8E3,169.3E3,170.1E3,169.6E3,169.6E3,169.3E3,168.7E3,169.7E3,169.1E3,168.5E3,169.3E3,169.5E3,168.6E3,169.2E3,169.5E3,169.0E3,168.9E3,169.7E3,169.4E3,168.8E3,169.4E3,169.6E3,169.2E3,168.3E3,168.9E3,169.2E3,169.1E3,169.1E3,169.2E3,169.1E3,168.7E3,168.8E3,169.1E3,169.6E3,168.8E3,170.5E3,169.1E3,169.0E3,169.3E3,168.6E3,169.5E3,169.5E3,168.9E3,168.7E3,168.7E3,169.6E3,169.2E3,169.8E3,168.4E3,169.1E3,169.0E3,169.7E3,168.6E3,169.1E3,169.5E3,170.2E3,169.5E3,169.0E3,169.4E3,169.5E3,169.6E3,168.9E3,168.9E3,170.4E3,169.4E3,169.3E3,169.7E3,169.3E3,168.4E3,168.7E3,169.1E3,169.3E3,168.8E3,169.6E3,169.3E3,169.4E3,170.5E3,169.1E3,169.5E3,169.3E3,170.7E3,168.7E3,168.6E3,169.6E3,169.2E3,170.0E3,169.4E3,169.0E3,168.4E3,169.1E3,168.9E3,169.0E3,169.3E3,168.9E3,169.2E3,168.7E3,168.9E3,169.4E3,168.3E3,169.4E3,169.4E3,169.7E3,168.0E3,170.1E3,168.8E3,169.1E3,169.4E3,169.1E3,169.4E3,168.1E3,168.9E3,170.0E3,169.1E3,169.3E3,169.6E3,169.0E3,168.3E3,169.2E3,169.2E3,169.4E3,169.4E3,168.8E3,169.8E3,169.5E3,169.3E3,169.5E3,169.5E3,168.7E3,169.7E3,169.2E3,168.8E3,168.3E3,169.4E3,169.5E3,168.6E3,168.5E3,168.9E3,169.6E3,169.7E3,169.2E3,170.0E3,169.5E3,168.9E3,169.8E3,169.4E3,168.8E3,169.0E3,168.8E3,169.0E3,168.8E3,168.8E3,169.3E3,169.7E3,168.9E3,169.3E3,168.7E3,169.4E3,168.0E3,169.6E3,169.9E3,169.7E3,168.7E3,170.1E3,169.8E3,169.6E3,168.8E3,168.8E3,169.3E3,169.1E3,169.6E3,169.1E3,168.8E3,169.1E3,168.6E3,169.5E3,169.0E3,168.7E3,169.1E3,169.6E3,167.8E3,169.1E3,169.2E3,169.3E3,169.7E3,169.5E3,169.0E3,169.4E3,168.8E3,168.7E3
6.000,201.7E3,201.7E3,201.7E3,201.7E3,202.1E3,201.8E3,201.3E3,202.2E3,201.8E3,201.8E3,202.3E3,201.3E3,201.9E3,203.0E3,202.4E3,202.3E3,202.0E3,201.1E3,202.4E3,201.6E3,200.8E3,201.9E3,202.1E3,201.0E3,201.8E3,202.1E3,201.5E3,201.4E3,202.4E3,202.0E3,201.2E3,202.1E3,202.3E3,201.8E3,200.6E3,201.4E3,201.8E3,201.6E3,201.7E3,201.7E3,201.7E3,201.1E3,201.2E3,201.7E3,202.3E3,201.2E3,203.5E3,201.6E3,201.5E3,201.9E3,201.0E3,202.2E3,202.2E3,201.3E3,201.2E3,201.2E3,202.3E3,201.7E3,202.6E3,200.8E3,201.7E3,201.5E3,202.4E3,201.1E3,201.7E3,202.2E3,203.1E3,202.2E3,201.5E3,202.1E3,202.1E3,202.2E3,201.4E3,201.4E3,203.3E3,202.0E3,201.9E3,202.4E3,201.9E3,200.8E3,201.2E3,201.7E3,201.9E3,201.2E3,202.3E3,201.9E3,202.0E3,203.4E3,201.6E3,202.2E3,201.9E3,203.8E3,201.2E3,201.0E3,202.3E3,201.8E3,202.8E3,202.1E3,201.6E3,200.8E3,201.6E3,201.3E3,201.5E3,201.9E3,201.5E3,201.9E3,201.1E3,201.4E3,202.1E3,200.7E3,202.0E3,202.1E3,202.5E3,200.2E3,203.0E3,201.2E3,201.7E3,202.0E3,201.7E3,202.0E3,200.3E3,201.4E3,202.9E3,201.7E3,201.9E3,202.2E3,201.5E3,200.6E3,201.8E3,201.7E3,202.0E3,202.0E3,201.3E3,202.5E3,202.2E3,201.9E3,202.1E3,202.2E3,201.1E3,202.4E3,201.7E3,201.3E3,200.6E3,202.0E3,202.2E3,201.1E3,200.9E3,201.5E3,202.3E3,202.4E3,201.7E3,202.8E3,202.2E3,201.4E3,202.5E3,202.0E3,201.3E3,201.5E3,201.3E3,201.5E3,201.3E3,201.3E3,201.9E3,202.4E3,201.4E3,201.9E3,201.2E3,202.0E3,200.2E3,202.4E3,202.7E3,202.4E3,201.2E3,202.9E3,202.6E3,202.3E3,201.3E3,201.3E3,201.9E3,201.6E3,202.3E3,201.7E3,201.3E3,201.7E3,201.1E3,202.1E3,201.6E3,201.2E3,201.6E3,202.3E3,200.0E3,201.6E3,201.8E3,201.9E3,202.4E3,202.1E3,201.6E3,202.0E3,201.2E3,201.1E3
7.000,232.6E3,232.5E3,232.6E3,232.7E3,233.0E3,232.7E3,232.1E3,233.2E3,232.7E3,232.7E3,233.3E3,232.1E3,232.8E3,234.2E3,233.4E3,233.4E3,232.9E3,231.8E3,233.5E3,232.5E3,231.5E3,232.8E3,233.1E3,231.8E3,232.7E3,233.1E3,232.3E3,232.2E3,233.5E3,233.0E3,232.0E3,233.0E3,233.3E3,232.8E3,231.3E3,232.2E3,232.7E3,232.5E3,232.6E3,232.7E3,232.5E3,231.9E3,232.0E3,232.6E3,233.3E3,232.0E3,234.8E3,232.5E3,232.4E3,232.9E3,231.7E3,233.2E3,233.3E3,232.2E3,231.9E3,232.0E3,233.4E3,232.6E3,233.7E3,231.5E3,232.5E3,232.3E3,233.4E3,231.8E3,232.5E3,233.2E3,234.4E3,233.2E3,232.4E3,233.1E3,233.1E3,233.3E3,232.2E3,232.3E3,234.6E3,233.0E3,232.9E3,233.4E3,232.9E3,231.4E3,231.9E3,232.6E3,232.8E3,232.0E3,233.3E3,232.9E3,233.0E3,234.7E3,232.5E3,233.2E3,232.8E3,235.2E3,231.9E3,231.7E3,233.3E3,232.8E3,233.9E3,233.1E3,232.5E3,231.5E3,232.5E3,232.2E3,232.4E3,232.8E3,232.3E3,232.8E3,231.8E3,232.2E3,233.1E3,231.3E3,233.0E3,233.1E3,233.6E3,230.8E3,234.1E3,232.0E3,232.6E3,233.0E3,232.5E3,233.0E3,230.9E3,232.2E3,234.1E3,232.5E3,232.9E3,233.3E3,232.4E3,231.2E3,232.7E3,232.6E3,233.0E3,233.0E3,232.1E3,233.6E3,233.2E3,232.9E3,233.1E3,233.2E3,231.9E3,233.4E3,232.7E3,232.1E3,231.2E3,232.9E3,233.2E3,231.8E3,231.6E3,232.3E3,233.4E3,233.4E3,232.7E3,234.0E3,233.2E3,232.2E3,233.6E3,233.0E3,232.1E3,232.4E3,232.1E3,232.4E3,232.1E3,232.1E3,232.9E3,233.5E3,232.2E3,232.9E3,231.9E3,233.0E3,230.7E3,233.4E3,233.9E3,233.5E3,231.9E3,234.1E3,233.7E3,233.3E3,232.1E3,232.1E3,232.8E3,232.5E3,233.3E3,232.6E3,232.1E3,232.6E3,231.8E3,233.1E3,232.4E3,232.0E3,232.5E3,233.3E3,230.5E3,232.5E3,232.7E3,232.9E3,233.5E3,233.1E3,232.4E3,233.0E3,232.0E3,231.8E3
8.000,265.0E3,264.9E3,265.0E3,265.1E3,265.6E3,265.2E3,264.5E3,265.8E3,265.2E3,265.1E3,265.9E3,264.4E3,265.3E3,267.0E3,266.0E3,266.0E3,265.5E3,264.1E3,266.2E3,264.9E3,263.7E3,265.3E3,265.7E3,264.0E3,265.1E3,265.7E3,264.7E3,264.6E3,266.1E3,265.5E3,264.4E3,265.6E3,265.9E3,265.2E3,263.4E3,264.5E3,265.2E3,264.9E3,265.0E3,265.1E3,265.0E3,264.2E3,264.4E3,265.0E3,265.9E3,264.3E3,267.7E3,264.9E3,264.8E3,265.4E3,264.0E3,265.8E3,265.8E3,264.5E3,264.2E3,264.2E3,266.0E3,265.1E3,266.4E3,263.7E3,265.0E3,264.7E3,266.1E3,264.1E3,264.9E3,265.7E3,267.2E3,265.7E3,264.8E3,265.7E3,265.7E3,265.8E3,264.6E3,264.6E3,267.5E3,265.5E3,265.3E3,266.1E3,265.4E3,263.6E3,264.2E3,265.0E3,265.3E3,264.3E3,266.0E3,265.4E3,265.5E3,267.7E3,264.9E3,265.7E3,265.3E3,268.2E3,264.2E3,263.9E3,265.9E3,265.2E3,266.6E3,265.6E3,264.9E3,263.7E3,265.0E3,264.5E3,264.7E3,265.3E3,264.7E3,265.3E3,264.1E3,264.6E3,265.6E3,263.5E3,265.5E3,265.6E3,266.2E3,262.8E3,266.9E3,264.2E3,265.0E3,265.5E3,265.0E3,265.5E3,263.0E3,264.5E3,266.8E3,265.0E3,265.4E3,265.9E3,264.7E3,263.4E3,265.1E3,265.1E3,265.5E3,265.5E3,264.5E3,266.2E3,265.7E3,265.4E3,265.7E3,265.7E3,264.2E3,266.1E3,265.1E3,264.4E3,263.3E3,265.5E3,265.8E3,264.1E3,263.9E3,264.7E3,266.0E3,266.1E3,265.1E3,266.7E3,265.7E3,264.5E3,266.3E3,265.6E3,264.4E3,264.7E3,264.5E3,264.8E3,264.5E3,264.5E3,265.3E3,266.1E3,264.6E3,265.4E3,264.2E3,265.5E3,262.8E3,266.0E3,266.6E3,266.2E3,264.2E3,266.9E3,266.4E3,265.9E3,264.5E3,264.4E3,265.3E3,264.9E3,265.9E3,265.0E3,264.4E3,265.0E3,264.1E3,265.6E3,264.8E3,264.3E3,264.9E3,265.9E3,262.4E3,264.9E3,265.2E3,265.4E3,266.1E3,265.7E3,264.8E3,265.5E3,264.3E3,264.1E3
9.000,297.6E3,297.4E3,297.6E3,297.7E3,298.3E3,297.8E3,297.0E3,298.5E3,297.8E3,297.7E3,298.6E3,296.9E3,297.9E3,300.0E3,298.8E3,298.8E3,298.2E3,296.5E3,299.0E3,297.5E3,296.1E3,298.0E3,298.4E3,296.3E3,297.7E3,298.4E3,297.2E3,297.0E3,299.0E3,298.2E3,296.9E3,298.3E3,298.7E3,297.9E3,295.7E3,297.0E3,297.8E3,297.5E3,297.7E3,297.7E3,297.5E3,296.6E3,296.8E3,297.6E3,298.7E3,296.7E3,300.8E3,297.5E3,297.3E3,298.1E3,296.4E3,298.5E3,298.6E3,296.9E3,296.6E3,296.7E3,298.8E3,297.6E3,299.3E3,296.0E3,297.5E3,297.3E3,298.9E3,296.5E3,297.5E3,298.5E3,300.3E3,298.5E3,297.3E3,298.4E3,298.4E3,298.6E3,297.1E3,297.1E3,300.6E3,298.2E3,298.0E3,298.9E3,298.0E3,295.9E3,296.6E3,297.6E3,297.9E3,296.7E3,298.7E3,298.0E3,298.2E3,300.8E3,297.4E3,298.5E3,297.9E3,301.4E3,296.6E3,296.3E3,298.6E3,297.9E3,299.5E3,298.4E3,297.5E3,296.0E3,297.6E3,297.0E3,297.3E3,297.9E3,297.2E3,297.9E3,296.5E3,297.0E3,298.3E3,295.7E3,298.2E3,298.3E3,299.1E3,295.0E3,299.9E3,296.6E3,297.6E3,298.2E3,297.6E3,298.2E3,295.1E3,297.0E3,299.8E3,297.5E3,298.0E3,298.7E3,297.2E3,295.6E3,297.7E3,297.7E3,298.2E3,298.2E3,296.9E3,299.1E3,298.5E3,298.0E3,298.4E3,298.4E3,296.7E3,298.9E3,297.7E3,296.9E3,295.5E3,298.2E3,298.6E3,296.5E3,296.2E3,297.2E3,298.8E3,298.9E3,297.8E3,299.7E3,298.5E3,297.0E3,299.1E3,298.3E3,296.9E3,297.2E3,296.9E3,297.4E3,297.0E3,296.9E3,298.0E3,298.9E3,297.1E3,298.1E3,296.7E3,298.2E3,294.9E3,298.8E3,299.5E3,299.0E3,296.6E3,299.9E3,299.2E3,298.7E3,297.0E3,296.9E3,297.9E3,297.4E3,298.7E3,297.6E3,296.9E3,297.6E3,296.5E3,298.4E3,297.4E3,296.7E3,297.5E3,298.6E3,294.5E3,297.4E3,297.8E3,298.0E3,298.8E3,298.4E3,297.3E3,298.2E3,296.7E3,296.5E3
10.00,328.5E3,328.1E3,328.4E3,328.6E3,329.2E3,328.7E3,327.7E3,329.5E3,328.6E3,328.6E3,329.5E3,327.6E3,328.8E3,331.2E3,329.9E3,329.8E3,329.2E3,327.2E3,330.1E3,328.4E3,326.6E3,328.8E3,329.3E3,326.9E3,328.5E3,329.3E3,327.9E3,327.7E3,330.0E3,329.1E3,327.6E3,329.2E3,329.7E3,328.9E3,326.1E3,327.8E3,328.7E3,328.3E3,328.5E3,328.6E3,328.3E3,327.2E3,327.5E3,328.4E3,329.8E3,327.4E3,332.2E3,328.3E3,328.1E3,329.0E3,327.0E3,329.6E3,329.6E3,327.6E3,327.3E3,327.3E3,329.8E3,328.4E3,330.4E3,326.5E3,328.3E3,328.0E3,329.9E3,327.0E3,328.3E3,329.4E3,331.6E3,329.5E3,328.2E3,329.4E3,329.3E3,329.6E3,327.9E3,327.9E3,332.0E3,329.2E3,328.9E3,330.0E3,329.0E3,326.4E3,327.3E3,328.4E3,328.8E3,327.4E3,329.8E3,329.0E3,329.2E3,332.2E3,328.2E3,329.4E3,328.7E3,332.8E3,327.2E3,326.9E3,329.6E3,328.7E3,330.7E3,329.4E3,328.3E3,326.6E3,328.4E3,327.7E3,328.0E3,328.8E3,328.0E3,328.8E3,327.2E3,327.8E3,329.2E3,326.2E3,329.2E3,329.3E3,330.3E3,325.4E3,331.1E3,327.2E3,328.4E3,329.2E3,328.4E3,329.2E3,325.5E3,327.7E3,331.1E3,328.3E3,328.9E3,329.7E3,327.9E3,326.1E3,328.6E3,328.5E3,329.1E3,329.1E3,327.6E3,330.1E3,329.4E3,328.9E3,329.4E3,329.4E3,327.4E3,330.0E3,328.6E3,327.6E3,326.0E3,329.1E3,329.6E3,327.1E3,326.8E3,327.9E3,329.9E3,329.9E3,328.7E3,330.9E3,329.4E3,327.8E3,330.3E3,329.3E3,327.6E3,327.9E3,327.6E3,328.2E3,327.7E3,327.6E3,328.9E3,329.9E3,327.8E3,329.0E3,327.3E3,329.2E3,325.2E3,329.9E3,330.6E3,330.1E3,327.3E3,331.1E3,330.3E3,329.7E3,327.7E3,327.6E3,328.8E3,328.2E3,329.8E3,328.5E3,327.6E3,328.5E3,327.1E3,329.3E3,328.2E3,327.4E3,328.3E3,329.5E3,324.8E3,328.1E3,328.7E3,328.9E3,329.8E3,329.4E3,328.1E3,329.1E3,327.4E3,327.2E3
11.00,360.3E3,359.7E3,360.2E3,360.3E3,361.1E3,360.5E3,359.3E3,361.5E3,360.4E3,360.3E3,361.3E3,359.2E3,360.6E3,363.3E3,361.9E3,361.8E3,361.1E3,358.8E3,362.2E3,360.1E3,358.1E3,360.6E3,361.2E3,358.3E3,360.2E3,361.2E3,359.5E3,359.3E3,362.0E3,360.9E3,359.3E3,361.0E3,361.6E3,360.9E3,357.4E3,359.4E3,360.4E3,359.9E3,360.3E3,360.4E3,360.0E3,358.6E3,359.2E3,360.1E3,361.7E3,359.0E3,364.5E3,359.9E3,359.7E3,360.8E3,358.6E3,361.5E3,361.5E3,359.1E3,358.8E3,358.8E3,361.8E3,360.1E3,362.5E3,357.9E3,360.0E3,359.7E3,361.9E3,358.5E3,360.0E3,361.3E3,364.0E3,361.5E3,359.9E3,361.4E3,361.2E3,361.5E3,359.6E3,359.6E3,364.4E3,361.1E3,360.7E3,362.0E3,360.8E3,357.8E3,358.8E3,360.0E3,360.5E3,358.9E3,361.7E3,360.9E3,361.0E3,364.6E3,359.8E3,361.3E3,360.4E3,365.3E3,358.7E3,358.3E3,361.5E3,360.5E3,362.8E3,361.3E3,360.0E3,358.1E3,360.2E3,359.4E3,359.6E3,360.5E3,359.7E3,360.7E3,358.7E3,359.3E3,361.0E3,357.6E3,361.0E3,361.2E3,362.4E3,356.8E3,363.3E3,358.6E3,360.1E3,361.1E3,360.1E3,361.1E3,356.8E3,359.3E3,363.3E3,360.0E3,360.7E3,361.7E3,359.4E3,357.4E3,360.4E3,360.2E3,360.9E3,360.8E3,359.2E3,362.1E3,361.3E3,360.7E3,361.4E3,361.2E3,359.1E3,362.0E3,360.4E3,359.3E3,357.2E3,361.0E3,361.5E3,358.6E3,358.2E3,359.6E3,361.9E3,361.9E3,360.6E3,363.1E3,361.4E3,359.4E3,362.4E3,361.3E3,359.3E3,359.5E3,359.2E3,360.0E3,359.4E3,359.3E3,360.7E3,361.7E3,359.4E3,360.8E3,358.9E3,361.0E3,356.4E3,361.9E3,362.7E3,362.2E3,358.8E3,363.2E3,362.4E3,361.8E3,359.4E3,359.3E3,360.5E3,359.8E3,361.9E3,360.2E3,359.2E3,360.3E3,358.6E3,361.2E3,359.9E3,358.9E3,360.1E3,361.3E3,356.0E3,359.8E3,360.4E3,360.7E3,361.7E3,361.2E3,359.6E3,361.0E3,358.9E3,358.8E3
12.00,392.8E3,391.9E3,392.7E3,392.9E3,393.8E3,393.1E3,391.8E3,394.3E3,393.0E3,392.9E3,393.9E3,391.6E3,393.2E3,396.2E3,394.7E3,394.7E3,393.9E3,391.2E3,395.1E3,392.7E3,390.3E3,393.1E3,393.8E3,390.5E3,392.7E3,393.8E3,391.9E3,391.5E3,394.8E3,393.5E3,391.9E3,393.7E3,394.3E3,393.7E3,389.4E3,391.9E3,393.0E3,392.3E3,392.8E3,393.1E3,392.4E3,390.8E3,391.6E3,392.6E3,394.5E3,391.4E3,397.7E3,392.4E3,392.2E3,393.5E3,390.9E3,394.3E3,394.3E3,391.4E3,391.1E3,391.0E3,394.7E3,392.6E3,395.4E3,390.1E3,392.5E3,392.2E3,394.6E3,390.7E3,392.4E3,394.0E3,397.3E3,394.3E3,392.6E3,394.2E3,393.8E3,394.2E3,392.1E3,392.0E3,397.6E3,393.9E3,393.3E3,394.9E3,393.6E3,389.9E3,391.0E3,392.5E3,393.1E3,391.2E3,394.5E3,393.6E3,393.6E3,397.8E3,392.2E3,393.9E3,392.9E3,398.5E3,390.9E3,390.6E3,394.2E3,393.1E3,395.7E3,394.1E3,392.6E3,390.3E3,392.8E3,391.8E3,391.9E3,393.0E3,392.2E3,393.3E3,391.0E3,391.7E3,393.6E3,389.7E3,393.6E3,393.9E3,395.4E3,388.9E3,396.3E3,390.6E3,392.6E3,393.8E3,392.6E3,393.8E3,388.8E3,391.6E3,396.4E3,392.5E3,393.2E3,394.5E3,391.7E3,389.5E3,392.9E3,392.7E3,393.5E3,393.3E3,391.5E3,394.8E3,394.0E3,393.2E3,394.2E3,393.8E3,391.6E3,394.9E3,393.0E3,391.8E3,389.2E3,393.7E3,394.3E3,391.0E3,390.4E3,392.0E3,394.8E3,394.7E3,393.4E3,396.2E3,394.1E3,391.7E3,395.3E3,394.1E3,391.7E3,391.8E3,391.5E3,392.6E3,391.9E3,391.7E3,393.2E3,394.3E3,391.9E3,393.4E3,391.3E3,393.7E3,388.3E3,394.7E3,395.5E3,395.1E3,391.2E3,396.2E3,395.3E3,394.7E3,392.0E3,391.7E3,393.0E3,392.2E3,394.9E3,392.7E3,391.5E3,392.9E3,390.9E3,393.8E3,392.4E3,391.2E3,392.6E3,393.9E3,387.9E3,392.1E3,393.1E3,393.4E3,394.2E3,393.9E3,391.9E3,393.6E3,391.1E3,391.2E3
13.00,424.1E3,422.6E3,423.9E3,424.1E3,425.1E3,424.3E3,422.9E3,425.8E3,424.1E3,424.0E3,425.0E3,422.7E3,424.3E3,427.7E3,426.1E3,426.1E3,425.4E3,422.2E3,426.7E3,423.9E3,421.2E3,424.3E3,425.0E3,421.2E3,423.7E3,424.9E3,422.8E3,422.4E3,426.2E3,424.7E3,423.2E3,424.9E3,425.6E3,425.3E3,420.0E3,422.9E3,424.1E3,423.3E3,424.0E3,424.4E3,423.5E3,421.5E3,422.7E3,423.7E3,425.8E3,422.5E3,429.4E3,423.4E3,423.2E3,424.8E3,422.0E3,425.8E3,425.6E3,422.2E3,422.0E3,421.7E3,426.1E3,423.6E3,426.9E3,420.9E3,423.5E3,423.3E3,426.0E3,421.4E3,423.4E3,425.3E3,429.2E3,425.8E3,423.8E3,425.7E3,425.0E3,425.5E3,423.2E3,423.1E3,429.5E3,425.3E3,424.4E3,426.4E3,424.9E3,420.5E3,421.9E3,423.5E3,424.2E3,422.1E3,425.9E3,425.0E3,424.8E3,429.6E3,423.1E3,425.1E3,423.9E3,430.3E3,421.7E3,421.4E3,425.5E3,424.3E3,427.3E3,425.6E3,423.8E3,421.2E3,424.1E3,422.9E3,422.8E3,424.1E3,423.3E3,424.6E3,421.9E3,422.6E3,424.8E3,420.3E3,424.8E3,425.2E3,427.1E3,419.7E3,427.9E3,421.2E3,423.6E3,425.2E3,423.7E3,425.1E3,419.4E3,422.5E3,428.1E3,423.5E3,424.3E3,426.0E3,422.5E3,420.2E3,424.1E3,423.8E3,424.7E3,424.4E3,422.3E3,426.1E3,425.2E3,424.4E3,425.6E3,425.0E3,422.9E3,426.5E3,424.2E3,422.9E3,419.8E3,425.0E3,425.8E3,421.9E3,421.2E3,423.1E3,426.3E3,426.1E3,424.9E3,427.9E3,425.4E3,422.7E3,426.9E3,425.6E3,422.7E3,422.6E3,422.4E3,423.8E3,423.1E3,422.7E3,424.4E3,425.3E3,422.9E3,424.6E3,422.3E3,424.9E3,418.8E3,426.2E3,426.9E3,426.6E3,422.1E3,427.8E3,426.8E3,426.2E3,423.2E3,422.7E3,424.1E3,423.2E3,426.7E3,423.8E3,422.4E3,424.2E3,421.8E3,425.0E3,423.6E3,422.0E3,423.7E3,424.9E3,418.4E3,423.0E3,424.3E3,424.6E3,425.3E3,425.2E3,422.8E3,424.8E3,421.9E3,422.3E3
14.00,457.6E3,455.4E3,457.3E3,457.5E3,458.7E3,457.8E3,456.2E3,459.5E3,457.5E3,457.3E3,458.1E3,455.9E3,457.7E3,461.3E3,459.8E3,459.9E3,459.2E3,455.6E3,460.6E3,457.3E3,454.3E3,457.6E3,458.3E3,454.0E3,456.9E3,458.2E3,455.8E3,455.3E3,459.8E3,458.0E3,456.8E3,458.4E3,459.1E3,459.3E3,452.7E3,456.3E3,457.5E3,456.4E3,457.4E3,457.9E3,456.7E3,454.4E3,456.1E3,457.0E3,459.4E3,455.7E3,463.3E3,456.5E3,456.4E3,458.3E3,455.3E3,459.6E3,459.2E3,455.2E3,455.1E3,454.6E3,459.8E3,456.7E3,460.7E3,453.8E3,456.7E3,456.7E3,459.6E3,454.3E3,456.6E3,458.8E3,463.6E3,459.6E3,457.4E3,459.6E3,458.4E3,458.9E3,456.6E3,456.4E3,463.6E3,459.0E3,457.8E3,460.3E3,458.6E3,453.3E3,454.8E3,456.8E3,457.5E3,455.2E3,459.5E3,458.6E3,458.2E3,463.7E3,456.2E3,458.5E3,457.0E3,464.3E3,454.6E3,454.4E3,459.0E3,457.8E3,461.0E3,459.4E3,457.3E3,454.3E3,457.6E3,456.2E3,455.8E3,457.3E3,456.7E3,458.2E3,455.0E3,455.7E3,458.1E3,453.2E3,458.2E3,458.8E3,461.1E3,452.8E3,461.7E3,453.7E3,456.8E3,458.8E3,457.0E3,458.6E3,452.1E3,455.6E3,462.2E3,456.8E3,457.6E3,459.7E3,455.3E3,453.0E3,457.5E3,457.0E3,458.1E3,457.6E3,455.4E3,459.6E3,458.7E3,457.7E3,459.2E3,458.2E3,456.5E3,460.4E3,457.8E3,456.3E3,452.4E3,458.6E3,459.5E3,455.1E3,454.2E3,456.3E3,460.2E3,459.7E3,458.8E3,462.0E3,459.0E3,455.8E3,460.7E3,459.5E3,456.0E3,455.5E3,455.5E3,457.3E3,456.6E3,455.9E3,457.7E3,458.4E3,456.2E3,457.9E3,455.5E3,458.4E3,451.5E3,460.0E3,460.4E3,460.4E3,455.2E3,461.5E3,460.5E3,460.1E3,456.7E3,456.0E3,457.3E3,456.2E3,460.8E3,457.1E3,455.5E3,457.8E3,454.9E3,458.5E3,457.0E3,455.1E3,457.1E3,458.1E3,451.2E3,456.0E3,457.8E3,458.1E3,458.5E3,458.6E3,455.7E3,458.1E3,454.9E3,455.6E3
15.00,488.8E3,485.6E3,488.4E3,488.6E3,489.9E3,488.9E3,487.3E3,491.1E3,488.6E3,488.3E3,488.8E3,486.9E3,488.8E3,492.5E3,491.2E3,491.4E3,490.9E3,486.7E3,492.2E3,488.5E3,485.1E3,488.5E3,489.3E3,484.4E3,487.7E3,489.2E3,486.6E3,485.8E3,491.0E3,489.0E3,488.3E3,489.5E3,490.3E3,491.2E3,483.0E3,487.4E3,488.5E3,487.1E3,488.6E3,489.2E3,487.5E3,484.9E3,487.2E3,487.9E3,490.7E3,486.7E3,494.8E3,487.4E3,487.3E3,489.5E3,486.4E3,491.0E3,490.5E3,485.7E3,485.8E3,485.1E3,491.2E3,487.5E3,492.1E3,484.4E3,487.6E3,487.8E3,490.8E3,484.9E3,487.4E3,489.9E3,495.7E3,491.1E3,488.9E3,491.2E3,489.4E3,490.1E3,487.8E3,487.4E3,495.5E3,490.5E3,488.9E3,491.8E3,490.0E3,483.8E3,485.5E3,487.6E3,488.5E3,485.9E3,490.8E3,490.1E3,489.2E3,495.5E3,486.9E3,489.6E3,487.7E3,495.8E3,485.1E3,485.1E3,490.1E3,488.9E3,492.4E3,490.9E3,488.5E3,485.2E3,489.0E3,487.3E3,486.5E3,488.2E3,487.9E3,489.5E3,485.9E3,486.4E3,489.0E3,483.8E3,489.3E3,490.0E3,492.9E3,483.7E3,493.2E3,483.8E3,487.7E3,490.2E3,488.0E3,489.9E3,482.6E3,486.3E3,494.1E3,487.7E3,488.5E3,491.2E3,485.8E3,483.5E3,488.6E3,487.9E3,489.2E3,488.4E3,486.1E3,490.7E3,489.8E3,488.6E3,490.7E3,489.2E3,488.0E3,492.0E3,489.0E3,487.5E3,482.6E3,489.9E3,491.0E3,486.0E3,484.8E3,487.2E3,491.7E3,491.0E3,490.6E3,493.9E3,490.3E3,486.7E3,492.3E3,491.2E3,487.0E3,486.0E3,486.3E3,488.7E3,487.8E3,486.8E3,488.7E3,489.1E3,487.3E3,489.0E3,486.5E3,489.5E3,481.9E3,491.4E3,491.6E3,492.0E3,486.0E3,492.9E3,492.0E3,491.8E3,488.1E3,487.1E3,488.1E3,486.9E3,492.8E3,488.1E3,486.3E3,489.2E3,485.7E3,489.6E3,488.1E3,485.8E3,488.2E3,488.8E3,481.8E3,486.6E3,489.0E3,489.3E3,489.2E3,489.8E3,486.2E3,489.2E3,485.5E3,486.7E3
16.00,521.8E3,517.3E3,521.2E3,521.4E3,522.9E3,521.9E3,520.2E3,524.4E3,521.4E3,521.0E3,521.0E3,519.7E3,521.5E3,525.3E3,524.3E3,524.6E3,524.4E3,519.6E3,525.7E3,521.5E3,517.6E3,521.1E3,521.9E3,516.5E3,520.1E3,521.7E3,518.9E3,518.0E3,524.0E3,521.7E3,521.7E3,522.3E3,523.2E3,525.1E3,515.0E3,520.2E3,521.2E3,519.5E3,521.5E3,522.4E3,520.0E3,516.9E3,520.1E3,520.6E3,523.7E3,519.5E3,528.0E3,519.8E3,519.9E3,522.5E3,519.3E3,524.3E3,523.5E3,517.9E3,518.2E3,517.1E3,524.3E3,519.9E3,525.2E3,516.7E3,520.1E3,520.6E3,523.7E3,517.0E3,519.8E3,522.7E3,529.7E3,524.5E3,522.1E3,524.7E3,522.1E3,522.9E3,520.7E3,520.2E3,529.1E3,523.9E3,521.6E3,525.2E3,523.2E3,515.9E3,517.8E3,520.1E3,521.1E3,518.3E3,523.8E3,523.4E3,521.9E3,528.9E3,519.2E3,522.2E3,520.0E3,528.9E3,517.3E3,517.5E3,522.9E3,521.7E3,525.5E3,524.3E3,521.5E3,517.9E3,522.2E3,520.1E3,518.7E3,520.6E3,520.8E3,522.6E3,518.4E3,518.8E3,521.5E3,516.0E3,522.0E3,523.0E3,526.7E3,516.5E3,526.4E3,515.2E3,520.1E3,523.4E3,520.6E3,522.9E3,514.9E3,518.7E3,527.7E3,520.2E3,521.0E3,524.5E3,517.7E3,515.8E3,521.4E3,520.5E3,522.0E3,520.7E3,518.4E3,523.3E3,522.6E3,521.3E3,523.9E3,521.7E3,521.4E3,525.4E3,522.0E3,520.4E3,514.5E3,523.0E3,524.3E3,518.7E3,517.1E3,519.9E3,525.1E3,523.9E3,524.4E3,527.5E3,523.3E3,519.2E3,525.7E3,524.7E3,519.7E3,518.0E3,518.7E3,521.8E3,520.9E3,519.5E3,521.4E3,521.1E3,520.0E3,521.7E3,519.2E3,522.4E3,513.9E3,524.6E3,524.3E3,525.3E3,518.6E3,526.0E3,525.1E3,525.3E3,521.3E3,519.9E3,520.5E3,519.2E3,526.8E3,520.7E3,518.8E3,522.4E3,518.2E3,522.3E3,521.0E3,518.2E3,521.0E3,521.0E3,514.1E3,518.8E3,521.9E3,522.2E3,521.5E3,522.5E3,518.2E3,521.8E3,517.6E3,519.7E3
17.00,554.0E3,547.8E3,553.2E3,553.3E3,554.9E3,553.8E3,552.2E3,556.9E3,553.2E3,552.7E3,552.1E3,551.6E3,553.3E3,557.0E3,556.4E3,557.0E3,557.2E3,551.7E3,558.3E3,553.6E3,549.3E3,552.7E3,553.5E3,547.5E3,551.5E3,553.2E3,550.2E3,549.0E3,555.9E3,553.3E3,554.5E3,554.2E3,555.1E3,558.3E3,545.9E3,552.2E3,553.0E3,550.8E3,553.5E3,554.7E3,551.5E3,547.9E3,552.2E3,552.2E3,555.7E3,551.4E3,560.0E3,551.2E3,551.5E3,554.6E3,551.4E3,556.8E3,555.5E3,549.0E3,549.7E3,548.2E3,556.5E3,551.3E3,557.4E3,548.1E3,551.7E3,552.6E3,555.6E3,548.2E3,551.3E3,554.6E3,562.9E3,557.0E3,554.7E3,557.4E3,553.8E3,554.6E3,552.8E3,552.1E3,561.7E3,556.4E3,553.4E3,557.7E3,555.5E3,547.1E3,549.1E3,551.7E3,552.8E3,549.7E3,555.8E3,555.8E3,553.6E3,561.4E3,550.5E3,553.9E3,551.3E3,560.9E3,548.4E3,549.0E3,554.7E3,553.7E3,557.6E3,556.9E3,553.7E3,549.8E3,554.5E3,552.1E3,549.8E3,552.1E3,552.9E3,554.8E3,550.1E3,550.1E3,553.0E3,547.3E3,553.8E3,555.0E3,559.6E3,548.6E3,558.5E3,545.5E3,551.6E3,555.8E3,552.4E3,555.0E3,546.2E3,550.1E3,560.5E3,551.8E3,552.6E3,557.0E3,548.5E3,547.1E3,553.3E3,552.1E3,553.7E3,552.0E3,549.7E3,555.0E3,554.3E3,552.9E3,556.2E3,553.1E3,554.2E3,558.0E3,554.2E3,552.6E3,545.3E3,555.2E3,556.7E3,550.5E3,548.5E3,551.6E3,557.6E3,555.9E3,557.4E3,560.4E3,555.4E3,550.7E3,558.2E3,557.5E3,551.6E3,548.9E3,550.1E3,554.2E3,553.2E3,551.3E3,553.1E3,552.0E3,551.9E3,553.5E3,551.0E3,554.2E3,545.1E3,556.9E3,555.9E3,557.7E3,550.2E3,558.0E3,557.3E3,558.0E3,553.8E3,551.8E3,551.9E3,550.5E3,560.1E3,552.4E3,550.3E3,554.7E3,549.9E3,554.1E3,553.0E3,549.6E3,552.8E3,552.0E3,545.6E3,550.0E3,554.0E3,554.3E3,552.5E3,554.3E3,549.0E3,553.5E3,548.8E3,551.9E3
18.00,584.7E3,576.6E3,583.7E3,583.8E3,585.5E3,584.4E3,582.8E3,587.9E3,583.6E3,583.0E3,581.5E3,582.1E3,583.6E3,587.1E3,587.1E3,587.9E3,588.7E3,582.6E3,589.5E3,584.3E3,579.7E3,582.8E3,583.6E3,577.0E3,581.4E3,583.1E3,580.1E3,578.5E3,586.3E3,583.5E3,586.0E3,584.5E3,585.5E3,590.3E3,575.4E3,582.9E3,583.2E3,580.6E3,584.0E3,585.6E3,581.5E3,577.4E3,583.0E3,582.4E3,586.3E3,582.0E3,590.5E3,581.2E3,581.7E3,585.2E3,582.3E3,587.8E3,586.1E3,578.6E3,579.8E3,577.7E3,587.3E3,581.2E3,588.1E3,578.1E3,581.7E3,583.1E3,586.1E3,577.8E3,581.2E3,585.0E3,594.8E3,588.2E3,585.9E3,588.8E3,584.0E3,584.9E3,583.6E3,582.6E3,592.9E3,587.5E3,583.6E3,588.8E3,586.5E3,576.8E3,579.0E3,581.7E3,582.9E3,579.7E3,586.4E3,586.9E3,583.8E3,592.3E3,580.3E3,584.0E3,580.9E3,591.2E3,578.0E3,579.1E3,585.0E3,584.1E3,588.1E3,588.2E3,584.5E3,580.3E3,585.5E3,582.6E3,579.5E3,582.0E3,583.6E3,585.6E3,580.3E3,580.0E3,582.9E3,577.2E3,584.0E3,585.6E3,591.2E3,579.5E3,589.1E3,574.2E3,581.6E3,586.7E3,582.7E3,585.6E3,576.2E3,580.0E3,591.8E3,581.9E3,582.6E3,588.0E3,577.7E3,576.9E3,583.8E3,582.2E3,584.0E3,581.6E3,579.5E3,585.0E3,584.6E3,583.0E3,587.1E3,583.0E3,585.7E3,589.2E3,584.9E3,583.5E3,574.7E3,586.0E3,587.7E3,581.0E3,578.5E3,581.9E3,588.6E3,586.5E3,589.3E3,591.8E3,586.1E3,580.9E3,589.3E3,589.0E3,582.0E3,578.3E3,580.1E3,585.2E3,584.2E3,581.6E3,583.3E3,581.2E3,582.4E3,583.8E3,581.5E3,584.7E3,574.8E3,587.8E3,586.0E3,588.8E3,580.4E3,588.4E3,588.0E3,589.4E3,585.0E3,582.4E3,581.7E3,580.2E3,592.2E3,582.7E3,580.3E3,585.7E3,580.1E3,584.3E3,583.6E3,579.6E3,583.3E3,581.4E3,575.9E3,579.5E3,584.6E3,584.8E3,581.9E3,584.6E3,578.4E3,583.7E3,578.5E3,582.7E3
19.00,619.0E3,608.2E3,617.6E3,617.7E3,619.5E3,618.3E3,617.0E3,622.6E3,617.3E3,616.5E3,613.8E3,616.0E3,617.2E3,620.2E3,621.1E3,622.3E3,623.8E3,617.0E3,624.3E3,618.5E3,613.5E3,616.1E3,616.7E3,609.6E3,614.4E3,616.1E3,613.1E3,611.1E3,620.0E3,616.8E3,621.3E3,618.2E3,619.1E3,626.3E3,608.0E3,617.0E3,616.8E3,613.5E3,618.0E3,620.0E3,614.6E3,610.0E3,617.4E3,615.9E3,620.1E3,616.0E3,624.0E3,614.3E3,615.1E3,619.2E3,616.7E3,622.3E3,619.9E3,611.3E3,613.1E3,610.3E3,621.4E3,614.2E3,622.1E3,611.3E3,615.0E3,617.1E3,619.7E3,610.6E3,614.3E3,618.6E3,630.3E3,622.8E3,620.8E3,623.8E3,617.3E3,618.4E3,617.8E3,616.5E3,627.4E3,622.2E3,617.2E3,623.3E3,621.1E3,609.7E3,612.0E3,614.9E3,616.3E3,612.9E3,620.3E3,621.5E3,617.3E3,626.5E3,613.1E3,617.3E3,613.7E3,624.5E3,610.8E3,612.5E3,618.5E3,618.0E3,621.9E3,623.0E3,618.8E3,614.3E3,620.1E3,616.7E3,612.2E3,615.0E3,617.8E3,619.9E3,613.9E3,613.1E3,616.0E3,610.4E3,617.5E3,619.5E3,626.4E3,614.1E3,622.9E3,605.6E3,614.7E3,621.1E3,616.2E3,619.7E3,609.5E3,613.1E3,626.7E3,615.2E3,615.7E3,622.5E3,609.9E3,610.1E3,617.6E3,615.6E3,617.5E3,614.3E3,612.6E3,618.1E3,618.1E3,616.3E3,621.4E3,615.9E3,621.1E3,623.8E3,619.1E3,617.8E3,607.2E3,620.2E3,622.2E3,614.9E3,611.7E3,615.5E3,623.2E3,620.2E3,625.0E3,626.7E3,620.0E3,614.2E3,623.9E3,624.1E3,615.9E3,610.6E3,613.2E3,619.9E3,618.7E3,615.3E3,616.7E3,613.2E3,616.3E3,617.3E3,615.4E3,618.4E3,607.9E3,622.1E3,619.0E3,623.2E3,613.9E3,622.0E3,622.0E3,624.3E3,619.9E3,616.4E3,614.6E3,613.0E3,628.1E3,616.2E3,613.6E3,620.3E3,613.7E3,617.8E3,617.7E3,612.8E3,617.1E3,613.7E3,609.7E3,612.1E3,618.7E3,618.8E3,614.1E3,618.2E3,610.6E3,617.1E3,611.3E3,617.2E3
20.00,651.0E3,637.3E3,649.3E3,649.3E3,651.2E3,650.1E3,649.0E3,655.0E3,648.7E3,647.7E3,643.7E3,647.8E3,648.5E3,650.8E3,652.9E3,654.4E3,656.9E3,649.3E3,656.8E3,650.5E3,645.2E3,647.1E3,647.6E3,640.0E3,645.1E3,646.7E3,643.8E3,641.3E3,651.3E3,647.8E3,654.7E3,649.5E3,650.4E3,660.3E3,638.4E3,648.9E3,648.1E3,644.1E3,649.8E3,652.3E3,645.5E3,640.3E3,649.6E3,647.0E3,651.7E3,647.9E3,655.1E3,645.1E3,646.3E3,651.0E3,649.1E3,654.7E3,651.5E3,641.7E3,644.2E3,640.6E3,653.3E3,644.8E3,653.8E3,642.4E3,646.0E3,648.9E3,651.1E3,641.2E3,645.1E3,649.9E3,663.5E3,655.4E3,653.7E3,656.6E3,648.3E3,649.5E3,649.9E3,648.2E3,659.5E3,654.7E3,648.4E3,655.6E3,653.4E3,640.4E3,642.8E3,645.9E3,647.3E3,643.9E3,651.8E3,654.0E3,648.3E3,658.2E3,643.7E3,648.2E3,644.0E3,655.2E3,641.2E3,643.7E3,649.7E3,649.5E3,653.3E3,655.7E3,651.0E3,646.3E3,652.6E3,648.6E3,642.6E3,645.6E3,649.8E3,652.0E3,645.4E3,643.9E3,646.7E3,641.5E3,648.6E3,651.2E3,659.5E3,646.8E3,654.3E3,634.6E3,645.5E3,653.4E3,647.6E3,651.5E3,640.7E3,644.0E3,659.3E3,646.3E3,646.5E3,654.8E3,639.7E3,641.2E3,649.2E3,646.6E3,648.8E3,644.7E3,643.3E3,648.8E3,649.2E3,647.2E3,653.6E3,646.4E3,654.6E3,656.3E3,651.2E3,650.2E3,637.4E3,652.2E3,654.5E3,646.7E3,642.7E3,646.9E3,655.6E3,651.7E3,658.8E3,659.4E3,651.8E3,645.4E3,656.2E3,657.1E3,647.6E3,640.6E3,644.2E3,652.4E3,651.3E3,646.9E3,647.9E3,642.7E3,648.0E3,648.5E3,647.2E3,649.8E3,638.9E3,654.1E3,649.7E3,655.4E3,645.3E3,653.3E3,653.8E3,657.1E3,652.7E3,648.3E3,645.2E3,643.5E3,662.0E3,647.4E3,644.7E3,652.8E3,645.1E3,648.9E3,649.6E3,643.8E3,648.8E3,643.6E3,641.5E3,642.4E3,650.5E3,650.5E3,643.9E3,649.4E3,640.5E3,648.1E3,641.9E3,649.6E3
21.00,683.1E3,666.0E3,680.9E3,680.8E3,682.8E3,681.7E3,681.1E3,687.4E3,680.1E3,678.9E3,673.2E3,679.6E3,679.7E3,681.1E3,684.5E3,686.5E3,690.1E3,681.8E3,689.3E3,682.5E3,676.9E3,678.0E3,678.2E3,670.1E3,675.5E3,677.1E3,674.3E3,671.3E3,682.4E3,678.6E3,688.4E3,680.7E3,681.5E3,694.7E3,668.7E3,681.0E3,679.2E3,674.5E3,681.5E3,684.6E3,676.3E3,670.4E3,681.9E3,678.1E3,683.1E3,679.9E3,685.8E3,675.8E3,677.4E3,682.8E3,681.7E3,687.0E3,683.0E3,671.8E3,675.2E3,670.6E3,685.0E3,675.3E3,685.3E3,673.5E3,676.8E3,680.8E3,682.2E3,671.6E3,675.7E3,681.0E3,696.9E3,687.9E3,686.7E3,689.6E3,679.2E3,680.5E3,682.1E3,679.9E3,691.5E3,687.3E3,679.6E3,687.9E3,685.8E3,671.0E3,673.5E3,676.7E3,678.2E3,674.8E3,683.3E3,686.5E3,679.3E3,689.7E3,674.0E3,678.9E3,674.1E3,685.6E3,671.5E3,674.9E3,680.7E3,681.1E3,684.6E3,688.4E3,683.2E3,678.3E3,685.1E3,680.6E3,672.7E3,676.1E3,681.9E3,684.1E3,676.9E3,674.6E3,677.1E3,672.5E3,679.6E3,682.7E3,692.7E3,679.9E3,685.5E3,663.2E3,676.2E3,685.7E3,678.8E3,683.2E3,672.0E3,674.7E3,691.9E3,677.2E3,677.1E3,687.0E3,669.1E3,672.2E3,680.7E3,677.6E3,679.8E3,674.7E3,673.9E3,679.2E3,680.2E3,678.0E3,685.7E3,676.7E3,688.4E3,688.8E3,683.2E3,682.6E3,667.5E3,684.2E3,686.8E3,678.6E3,673.7E3,678.3E3,687.9E3,683.0E3,692.9E3,692.2E3,683.4E3,676.4E3,688.5E3,690.3E3,679.4E3,670.3E3,675.0E3,685.0E3,683.9E3,678.4E3,678.8E3,671.7E3,679.8E3,679.6E3,679.1E3,681.1E3,669.8E3,686.1E3,680.0E3,687.6E3,676.7E3,684.2E3,685.3E3,690.0E3,685.8E3,680.3E3,675.6E3,673.8E3,696.2E3,678.5E3,675.6E3,685.3E3,676.5E3,679.9E3,681.4E3,674.7E3,680.3E3,673.0E3,673.5E3,672.4E3,682.4E3,682.1E3,673.3E3,680.5E3,670.1E3,679.0E3,672.2E3,682.1E3
22.00,717.4E3,696.1E3,714.6E3,714.4E3,716.4E3,715.5E3,715.4E3,722.0E3,713.4E3,711.9E3,704.2E3,713.6E3,712.8E3,713.0E3,718.1E3,720.7E3,725.7E3,716.6E3,724.0E3,716.7E3,710.9E3,710.6E3,710.5E3,702.1E3,707.8E3,709.2E3,706.7E3,703.1E3,715.4E3,711.2E3,724.7E3,713.8E3,714.5E3,731.7E3,700.9E3,715.2E3,712.3E3,706.6E3,715.3E3,719.2E3,708.9E3,702.3E3,716.5E3,711.1E3,716.4E3,714.0E3,718.1E3,708.3E3,710.4E3,716.6E3,716.6E3,721.5E3,716.4E3,703.7E3,708.3E3,702.5E3,718.8E3,707.6E3,718.7E3,706.6E3,709.5E3,714.7E3,715.2E3,703.9E3,708.2E3,714.1E3,732.4E3,722.7E3,722.1E3,724.9E3,711.8E3,713.3E3,716.5E3,713.8E3,725.4E3,722.2E3,712.6E3,722.4E3,720.4E3,703.6E3,706.1E3,709.3E3,711.0E3,707.7E3,716.7E3,721.3E3,712.0E3,723.1E3,706.1E3,711.4E3,705.8E3,717.4E3,703.6E3,708.2E3,713.5E3,714.6E3,717.6E3,723.5E3,717.6E3,712.7E3,720.0E3,714.7E3,704.6E3,708.3E3,716.2E3,718.4E3,710.4E3,707.1E3,709.3E3,705.6E3,712.5E3,716.3E3,728.2E3,715.5E3,718.5E3,693.2E3,708.7E3,720.1E3,712.0E3,717.0E3,705.5E3,707.3E3,726.6E3,710.1E3,709.5E3,721.4E3,700.2E3,705.3E3,714.3E3,710.4E3,712.8E3,706.4E3,706.4E3,711.3E3,713.0E3,710.7E3,720.0E3,708.7E3,724.9E3,723.5E3,717.4E3,717.3E3,699.4E3,718.3E3,721.2E3,712.6E3,706.7E3,711.6E3,722.4E3,716.2E3,729.6E3,727.0E3,717.0E3,709.4E3,722.8E3,725.9E3,713.3E3,701.6E3,707.7E3,720.0E3,718.9E3,712.0E3,711.7E3,702.1E3,713.6E3,712.6E3,713.1E3,714.3E3,702.9E3,720.1E3,712.0E3,721.9E3,710.1E3,716.9E3,718.8E3,725.2E3,721.3E3,714.4E3,707.7E3,705.8E3,733.0E3,711.6E3,708.6E3,720.2E3,710.0E3,712.8E3,715.5E3,707.6E3,714.0E3,704.0E3,707.8E3,704.1E3,716.3E3,715.8E3,704.1E3,713.4E3,701.3E3,711.7E3,704.4E3,717.0E3
23.00,748.0E3,722.6E3,744.7E3,744.4E3,746.4E3,745.5E3,746.1E3,753.0E3,743.2E3,741.4E3,731.5E3,744.0E3,742.3E3,741.1E3,748.0E3,751.2E3,757.7E3,747.9E3,755.1E3,747.3E3,741.3E3,739.7E3,739.2E3,730.5E3,736.4E3,737.6E3,735.5E3,731.2E3,744.7E3,740.2E3,757.5E3,743.2E3,743.8E3,765.2E3,729.5E3,745.8E3,741.8E3,735.1E3,745.5E3,750.1E3,737.8E3,730.6E3,747.6E3,740.4E3,746.0E3,744.6E3,746.6E3,737.1E3,739.9E3,746.7E3,748.0E3,752.3E3,746.1E3,732.1E3,737.7E3,730.7E3,748.9E3,736.2E3,748.5E3,736.2E3,738.6E3,745.1E3,744.6E3,732.6E3,737.0E3,743.4E3,764.2E3,753.8E3,754.0E3,756.5E3,740.8E3,742.4E3,747.3E3,744.0E3,755.5E3,753.4E3,742.0E3,753.1E3,751.4E3,732.6E3,735.1E3,738.4E3,740.1E3,736.9E3,746.4E3,752.5E3,741.1E3,752.6E3,734.6E3,740.2E3,734.0E3,745.5E3,732.1E3,737.9E3,742.6E3,744.5E3,746.9E3,754.8E3,748.5E3,743.5E3,751.2E3,745.2E3,732.9E3,736.8E3,746.9E3,749.1E3,740.4E3,736.0E3,737.8E3,735.2E3,741.7E3,746.2E3,760.0E3,747.8E3,747.7E3,719.6E3,737.5E3,750.9E3,741.6E3,747.1E3,735.4E3,736.3E3,757.5E3,739.3E3,738.2E3,752.2E3,727.6E3,734.8E3,744.2E3,739.5E3,742.1E3,734.4E3,735.3E3,739.7E3,742.2E3,739.6E3,750.5E3,737.0E3,757.9E3,754.4E3,748.0E3,748.5E3,727.8E3,748.8E3,752.0E3,743.1E3,736.2E3,741.4E3,753.2E3,745.7E3,762.7E3,758.2E3,747.0E3,738.9E3,753.5E3,757.8E3,743.6E3,729.3E3,736.9E3,751.4E3,750.4E3,742.1E3,740.9E3,728.8E3,743.9E3,742.0E3,743.5E3,743.9E3,732.5E3,750.4E3,740.2E3,752.5E3,739.9E3,745.8E3,748.6E3,756.7E3,753.3E3,744.9E3,736.1E3,734.2E3,766.1E3,741.0E3,737.9E3,751.4E3,740.0E3,741.9E3,745.9E3,736.8E3,744.0E3,731.3E3,738.8E3,732.2E3,746.6E3,745.8E3,731.2E3,742.6E3,728.8E3,740.7E3,733.0E3,748.4E3
24.00,782.0E3,751.5E3,778.0E3,777.5E3,779.5E3,778.8E3,780.2E3,787.3E3,776.0E3,773.8E3,761.3E3,777.7E3,774.8E3,771.8E3,781.0E3,784.9E3,793.3E3,782.8E3,789.4E3,781.1E3,775.1E3,771.6E3,770.7E3,761.7E3,767.9E3,768.8E3,767.1E3,762.1E3,776.9E3,772.1E3,794.2E3,775.7E3,776.1E3,802.7E3,761.1E3,779.8E3,774.2E3,766.5E3,779.0E3,784.4E3,769.7E3,761.7E3,782.1E3,772.8E3,778.7E3,778.6E3,777.8E3,768.9E3,772.3E3,780.0E3,783.1E3,786.4E3,778.9E3,763.2E3,770.3E3,761.8E3,782.1E3,767.6E3,781.2E3,768.9E3,770.6E3,778.7E3,776.8E3,764.2E3,768.7E3,775.7E3,799.4E3,788.3E3,789.5E3,791.7E3,772.6E3,774.4E3,781.5E3,777.5E3,788.6E3,788.0E3,774.4E3,787.1E3,785.7E3,764.6E3,767.2E3,770.3E3,772.2E3,769.3E3,779.1E3,787.0E3,773.1E3,784.9E3,765.9E3,771.9E3,764.8E3,776.0E3,763.5E3,770.8E3,774.7E3,777.5E3,779.1E3,789.7E3,782.7E3,777.9E3,786.0E3,779.1E3,764.0E3,768.2E3,781.0E3,783.0E3,773.6E3,767.9E3,769.1E3,768.0E3,773.8E3,779.2E3,795.4E3,783.9E3,779.8E3,748.4E3,769.3E3,785.0E3,774.2E3,780.3E3,768.7E3,768.3E3,791.7E3,771.4E3,769.8E3,786.2E3,757.6E3,767.6E3,777.3E3,771.7E3,774.4E3,765.0E3,767.1E3,770.8E3,774.2E3,771.5E3,784.4E3,768.0E3,794.9E3,788.7E3,781.9E3,783.1E3,759.2E3,782.5E3,786.0E3,777.0E3,768.7E3,774.3E3,787.2E3,778.2E3,799.8E3,792.6E3,780.1E3,771.4E3,787.4E3,793.3E3,777.2E3,759.6E3,769.0E3,786.3E3,785.4E3,775.3E3,773.0E3,757.9E3,777.4E3,774.3E3,777.3E3,776.5E3,765.4E3,783.9E3,771.1E3,786.2E3,772.9E3,777.5E3,781.4E3,791.6E3,789.0E3,778.8E3,767.3E3,765.4E3,803.1E3,773.5E3,770.3E3,786.1E3,773.2E3,774.0E3,779.6E3,769.2E3,777.2E3,761.0E3,773.4E3,763.1E3,780.1E3,778.9E3,760.8E3,774.8E3,759.0E3,772.7E3,764.5E3,783.4E3
25.00,815.6E3,779.5E3,810.9E3,810.2E3,812.1E3,811.7E3,814.1E3,821.2E3,808.3E3,805.8E3,790.3E3,811.1E3,806.8E3,801.8E3,813.5E3,818.2E3,828.7E3,817.5E3,823.4E3,814.7E3,808.7E3,803.0E3,801.6E3,792.5E3,798.8E3,799.3E3,798.3E3,792.4E3,808.5E3,803.4E3,831.0E3,807.6E3,807.8E3,840.3E3,792.3E3,813.5E3,806.3E3,797.3E3,812.0E3,818.5E3,801.1E3,792.3E3,816.5E3,804.7E3,810.8E3,812.3E3,808.2E3,800.2E3,804.4E3,812.9E3,818.0E3,820.2E3,811.2E3,793.8E3,802.4E3,792.4E3,814.8E3,798.5E3,813.3E3,801.3E3,802.2E3,812.0E3,808.5E3,795.3E3,799.9E3,807.5E3,834.3E3,822.4E3,824.9E3,826.6E3,803.9E3,805.8E3,815.5E3,810.7E3,821.1E3,822.4E3,806.3E3,820.7E3,819.8E3,796.3E3,798.7E3,801.8E3,803.7E3,801.2E3,811.3E3,821.3E3,804.6E3,816.6E3,796.6E3,803.0E3,795.0E3,805.7E3,794.4E3,803.4E3,806.1E3,810.1E3,810.7E3,824.2E3,816.6E3,812.0E3,820.5E3,812.7E3,794.5E3,799.0E3,814.8E3,816.6E3,806.6E3,799.3E3,799.8E3,800.4E3,805.4E3,811.7E3,830.4E3,820.2E3,811.2E3,776.5E3,800.5E3,818.8E3,806.4E3,813.1E3,801.8E3,799.9E3,825.4E3,803.1E3,800.9E3,819.8E3,787.0E3,800.0E3,809.9E3,803.3E3,806.1E3,795.0E3,798.4E3,801.2E3,805.7E3,802.9E3,817.8E3,798.4E3,832.0E3,822.6E3,815.4E3,817.6E3,790.0E3,815.8E3,819.7E3,810.7E3,800.9E3,806.8E3,820.9E3,810.1E3,836.9E3,826.6E3,812.7E3,803.4E3,820.8E3,828.6E3,810.4E3,789.3E3,800.7E3,821.0E3,820.2E3,808.2E3,804.7E3,786.1E3,810.7E3,806.2E3,810.8E3,808.6E3,798.0E3,817.0E3,801.3E3,819.6E3,805.6E3,808.6E3,813.6E3,826.3E3,824.6E3,812.4E3,797.9E3,796.0E3,840.0E3,805.5E3,802.2E3,820.5E3,806.0E3,805.6E3,812.9E3,801.1E3,810.0E3,790.0E3,807.9E3,793.3E3,813.3E3,811.7E3,789.6E3,806.5E3,788.5E3,804.1E3,795.5E3,818.3E3
26.00,849.8E3,807.5E3,844.2E3,843.3E3,845.0E3,844.9E3,848.5E3,855.7E3,841.0E3,838.1E3,819.3E3,845.0E3,839.2E3,831.7E3,846.2E3,851.8E3,864.8E3,852.9E3,857.7E3,848.8E3,842.8E3,834.6E3,832.6E3,823.5E3,829.8E3,829.9E3,829.7E3,822.8E3,840.3E3,834.9E3,868.7E3,839.8E3,839.7E3,878.8E3,823.8E3,847.8E3,838.6E3,828.3E3,845.5E3,853.0E3,832.7E3,823.2E3,851.5E3,836.9E3,843.2E3,846.6E3,838.6E3,831.6E3,836.7E3,846.2E3,853.6E3,854.4E3,843.7E3,824.6E3,835.0E3,823.1E3,847.9E3,829.6E3,845.7E3,834.2E3,834.0E3,845.8E3,840.4E3,826.7E3,831.4E3,839.6E3,869.6E3,857.1E3,861.0E3,862.1E3,835.3E3,837.5E3,850.0E3,844.3E3,853.8E3,857.2E3,838.5E3,854.7E3,854.3E3,828.3E3,830.6E3,833.5E3,835.5E3,833.4E3,843.7E3,856.2E3,836.3E3,848.4E3,827.6E3,834.2E3,825.3E3,835.2E3,825.6E3,836.4E3,837.8E3,843.0E3,842.4E3,859.3E3,851.1E3,846.8E3,855.5E3,846.9E3,825.1E3,829.9E3,849.1E3,850.7E3,840.0E3,831.0E3,830.6E3,833.3E3,837.2E3,844.5E3,865.9E3,857.5E3,842.8E3,804.6E3,831.9E3,853.0E3,839.0E3,846.3E3,835.5E3,831.7E3,859.5E3,835.1E3,832.0E3,853.9E3,816.4E3,832.9E3,842.9E3,835.2E3,838.1E3,825.1E3,830.1E3,831.7E3,837.4E3,834.4E3,851.6E3,828.9E3,870.1E3,856.9E3,849.4E3,852.7E3,821.2E3,849.5E3,853.8E3,844.9E3,833.6E3,839.7E3,855.0E3,842.3E3,874.8E3,861.0E3,845.6E3,835.8E3,854.6E3,864.5E3,844.2E3,819.1E3,832.7E3,856.3E3,855.8E3,841.6E3,836.6E3,814.2E3,844.4E3,838.2E3,844.9E3,841.0E3,831.2E3,850.4E3,831.4E3,853.3E3,838.8E3,839.7E3,846.1E3,861.5E3,861.0E3,846.5E3,828.7E3,826.8E3,877.7E3,837.8E3,834.5E3,855.5E3,839.4E3,837.3E3,846.8E3,833.3E3,843.2E3,819.0E3,843.3E3,823.7E3,846.8E3,844.8E3,818.3E3,838.3E3,818.1E3,835.7E3,826.7E3,853.8E3
27.00,882.6E3,834.0E3,876.1E3,875.0E3,876.6E3,876.8E3,881.6E3,888.7E3,872.3E3,869.0E3,846.7E3,877.6E3,870.1E3,860.1E3,877.6E3,884.1E3,899.6E3,887.1E3,890.7E3,881.5E3,875.7E3,864.8E3,862.2E3,853.1E3,859.5E3,859.1E3,859.6E3,851.8E3,870.7E3,864.9E3,905.3E3,870.6E3,870.1E3,916.1E3,853.9E3,880.8E3,869.4E3,857.8E3,877.6E3,886.3E3,862.9E3,852.6E3,885.2E3,867.7E3,874.1E3,879.6E3,867.3E3,861.7E3,867.7E3,878.1E3,888.1E3,887.2E3,874.8E3,854.0E3,866.2E3,852.4E3,879.4E3,859.2E3,876.6E3,865.7E3,864.4E3,878.3E3,870.8E3,856.8E3,861.3E3,870.1E3,903.4E3,890.4E3,895.9E3,896.2E3,865.3E3,867.6E3,883.3E3,876.7E3,884.9E3,890.7E3,869.2E3,887.3E3,887.5E3,859.0E3,861.1E3,863.8E3,865.9E3,864.3E3,874.7E3,889.7E3,866.5E3,878.6E3,857.0E3,863.9E3,854.1E3,863.1E3,855.3E3,868.1E3,867.9E3,874.5E3,872.6E3,893.1E3,884.2E3,880.5E3,889.3E3,879.8E3,854.3E3,859.3E3,882.2E3,883.4E3,872.1E3,861.3E3,859.9E3,865.0E3,867.6E3,876.0E3,900.2E3,893.9E3,872.8E3,831.1E3,861.9E3,885.9E3,870.1E3,878.1E3,868.0E3,862.1E3,892.1E3,865.7E3,861.8E3,886.5E3,844.3E3,864.6E3,874.5E3,865.7E3,868.7E3,853.7E3,860.3E3,860.7E3,867.6E3,864.5E3,884.1E3,857.8E3,907.0E3,889.9E3,882.1E3,886.6E3,851.1E3,881.8E3,886.5E3,877.8E3,864.9E3,871.2E3,887.7E3,873.0E3,911.6E3,894.0E3,877.1E3,866.9E3,887.0E3,899.1E3,876.7E3,847.4E3,863.3E3,890.4E3,890.1E3,873.6E3,867.0E3,840.8E3,876.8E3,868.9E3,877.7E3,872.0E3,863.1E3,882.3E3,860.0E3,885.6E3,870.6E3,869.3E3,877.1E3,895.3E3,896.2E3,879.4E3,858.0E3,856.1E3,914.1E3,868.7E3,865.5E3,889.3E3,871.4E3,867.6E3,879.3E3,864.2E3,875.1E3,846.4E3,877.6E3,852.5E3,879.1E3,876.5E3,845.4E3,868.7E3,846.2E3,865.8E3,856.6E3,888.2E3
28.00,916.2E3,860.6E3,908.8E3,907.4E3,908.8E3,909.4E3,915.7E3,922.5E3,904.3E3,900.5E3,874.4E3,911.1E3,901.6E3,888.7E3,909.5E3,917.0E3,935.4E3,922.3E3,924.5E3,915.0E3,909.6E3,895.5E3,892.2E3,883.3E3,889.6E3,888.6E3,890.1E3,881.3E3,901.5E3,895.5E3,943.1E3,901.9E3,901.1E3,954.7E3,884.7E3,914.7E3,900.9E3,887.8E3,910.4E3,920.3E3,893.6E3,882.5E3,919.9E3,899.1E3,905.6E3,913.5E3,896.3E3,892.3E3,899.3E3,910.7E3,923.7E3,920.7E3,906.5E3,883.8E3,898.1E3,882.2E3,911.7E3,889.3E3,908.0E3,898.1E3,895.3E3,911.5E3,901.7E3,887.4E3,891.9E3,901.2E3,938.0E3,924.5E3,931.9E3,931.3E3,895.8E3,898.3E3,917.4E3,909.8E3,916.4E3,925.1E3,900.5E3,920.6E3,921.6E3,890.4E3,892.3E3,894.7E3,896.7E3,895.8E3,906.3E3,924.0E3,897.2E3,909.2E3,887.0E3,894.1E3,883.3E3,891.1E3,885.6E3,900.6E3,898.6E3,906.7E3,903.3E3,927.7E3,918.2E3,915.1E3,924.1E3,913.5E3,884.0E3,889.3E3,916.1E3,916.9E3,905.0E3,892.1E3,889.6E3,897.4E3,898.4E3,908.0E3,935.2E3,931.6E3,903.2E3,857.9E3,892.5E3,919.5E3,901.9E3,910.6E3,901.4E3,893.1E3,925.4E3,896.8E3,892.0E3,919.9E3,872.6E3,897.1E3,906.8E3,896.8E3,899.8E3,882.6E3,891.1E3,890.0E3,898.4E3,895.1E3,917.3E3,887.2E3,945.4E3,923.6E3,915.5E3,921.4E3,881.5E3,914.9E3,920.0E3,911.7E3,896.9E3,903.4E3,921.1E3,904.2E3,949.7E3,927.7E3,909.2E3,898.6E3,920.1E3,934.7E3,910.0E3,876.1E3,894.6E3,925.5E3,925.4E3,906.5E3,898.0E3,867.4E3,910.0E3,900.1E3,911.3E3,903.6E3,895.9E3,914.9E3,888.9E3,918.6E3,903.2E3,899.2E3,908.7E3,930.0E3,932.5E3,913.1E3,887.7E3,885.9E3,951.7E3,900.3E3,897.1E3,923.9E3,904.3E3,898.4E3,912.6E3,895.8E3,907.6E3,874.0E3,913.1E3,881.9E3,912.0E3,908.9E3,872.8E3,899.7E3,874.6E3,896.5E3,886.9E3,923.6E3
29.00,950.1E3,887.0E3,941.6E3,940.0E3,941.0E3,942.1E3,950.0E3,956.6E3,936.3E3,932.0E3,901.8E3,944.8E3,933.1E3,917.0E3,941.4E3,950.1E3,971.5E3,958.0E3,958.4E3,948.8E3,943.8E3,926.2E3,922.1E3,913.5E3,919.6E3,918.1E3,920.7E3,910.7E3,932.2E3,926.0E3,981.7E3,933.2E3,932.1E3,994.0E3,915.6E3,948.8E3,932.5E3,917.8E3,943.4E3,954.7E3,924.3E3,912.4E3,955.0E3,930.5E3,937.1E3,947.7E3,925.1E3,922.9E3,931.0E3,943.4E3,959.7E3,954.5E3,938.2E3,913.7E3,930.1E3,912.1E3,943.9E3,919.4E3,939.4E3,930.6E3,926.3E3,945.0E3,932.6E3,918.1E3,922.4E3,932.4E3,972.7E3,958.8E3,968.3E3,966.7E3,926.2E3,928.8E3,951.8E3,943.1E3,948.0E3,959.8E3,931.9E3,954.0E3,955.8E3,922.0E3,923.5E3,925.5E3,927.6E3,927.5E3,937.9E3,958.7E3,928.0E3,939.6E3,916.9E3,924.2E3,912.3E3,918.9E3,915.9E3,933.3E3,929.2E3,939.1E3,933.8E3,962.6E3,952.6E3,950.2E3,959.1E3,947.5E3,913.6E3,919.1E3,950.2E3,950.6E3,938.1E3,923.0E3,919.3E3,930.1E3,929.3E3,940.1E3,970.6E3,970.1E3,933.5E3,884.4E3,923.0E3,953.4E3,933.8E3,943.1E3,935.1E3,924.2E3,958.8E3,928.0E3,922.1E3,953.4E3,900.7E3,929.8E3,939.3E3,927.9E3,930.9E3,911.4E3,921.9E3,919.1E3,929.1E3,925.7E3,950.6E3,916.4E3,984.4E3,957.4E3,949.2E3,956.6E3,912.0E3,948.2E3,953.6E3,945.9E3,929.1E3,935.8E3,954.6E3,935.4E3,988.3E3,961.5E3,941.4E3,930.4E3,953.3E3,970.7E3,943.5E3,904.7E3,925.9E3,960.9E3,961.1E3,939.5E3,929.0E3,893.7E3,943.4E3,931.4E3,945.3E3,935.2E3,929.1E3,947.6E3,917.7E3,951.6E3,936.0E3,929.0E3,940.2E3,965.0E3,969.3E3,947.1E3,917.4E3,915.6E3,989.7E3,931.8E3,928.8E3,958.9E3,937.3E3,929.2E3,946.2E3,927.5E3,940.4E3,901.3E3,949.2E3,911.1E3,945.2E3,941.4E3,899.8E3,930.6E3,902.9E3,927.1E3,917.4E3,959.4E3
30.00,983.8E3,912.7E3,974.2E3,972.2E3,973.0E3,974.5E3,984.3E3,990.4E3,968.1E3,963.2E3,928.6E3,978.4E3,964.3E3,944.8E3,973.0E3,982.8E3,1.008E6,993.7E3,992.1E3,982.4E3,977.9E3,956.4E3,951.5E3,943.3E3,949.2E3,947.0E3,950.8E3,939.6E3,962.5E3,956.1E3,1.020E6,964.2E3,962.6E3,1.033E6,946.2E3,982.8E3,963.7E3,947.3E3,976.2E3,988.9E3,954.7E3,941.9E3,990.0E3,961.7E3,968.2E3,981.8E3,953.2E3,953.1E3,962.4E3,975.9E3,995.8E3,988.0E3,969.6E3,943.1E3,961.9E3,941.4E3,975.9E3,949.1E3,970.4E3,963.0E3,956.9E3,978.3E3,963.0E3,948.4E3,952.5E3,963.1E3,1.007E6,992.9E3,1.005E6,1.002E6,956.2E3,959.0E3,986.2E3,976.3E3,979.1E3,994.3E3,962.8E3,987.2E3,990.0E3,953.2E3,954.5E3,956.0E3,958.1E3,958.8E3,969.1E3,993.2E3,958.3E3,969.6E3,946.4E3,953.9E3,940.9E3,945.9E3,945.9E3,965.8E3,959.4E3,971.1E3,964.0E3,997.4E3,986.7E3,985.2E3,994.1E3,981.3E3,942.8E3,948.5E3,984.3E3,984.1E3,971.1E3,953.5E3,948.4E3,962.7E3,959.8E3,971.9E3,1.006E6,1.009E6,963.3E3,910.3E3,953.1E3,987.0E3,965.4E3,975.4E3,968.8E3,954.9E3,991.9E3,958.9E3,951.9E3,986.7E3,928.2E3,962.3E3,971.4E3,958.6E3,961.6E3,939.7E3,952.4E3,947.7E3,959.4E3,955.9E3,983.7E3,945.1E3,1.024E6,991.1E3,982.7E3,991.8E3,942.2E3,981.2E3,987.0E3,980.0E3,961.1E3,968.0E3,987.9E3,966.2E3,1.027E6,995.0E3,973.3E3,961.9E3,986.1E3,1.007E6,976.9E3,932.7E3,956.9E3,996.2E3,996.9E3,972.3E3,959.6E3,919.4E3,976.7E3,962.2E3,979.1E3,966.4E3,962.1E3,980.0E3,945.8E3,984.4E3,968.5E3,958.3E3,971.4E3,999.8E3,1.006E6,981.0E3,946.5E3,944.9E3,1.028E6,963.1E3,960.2E3,993.7E3,970.2E3,959.6E3,979.5E3,958.9E3,972.8E3,928.1E3,985.5E3,939.8E3,978.1E3,973.6E3,926.2E3,961.1E3,930.6E3,957.3E3,947.4E3,995.3E3
31.00,1.018E6,938.1E3,1.007E6,1.005E6,1.005E6,1.007E6,1.019E6,1.025E6,1.000E6,994.7E3,955.1E3,1.013E6,995.7E3,972.4E3,1.005E6,1.016E6,1.045E6,1.030E6,1.026E6,1.017E6,1.013E6,986.9E3,981.0E3,973.1E3,978.9E3,975.9E3,981.1E3,968.6E3,993.0E3,986.3E3,1.060E6,995.4E3,993.3E3,1.074E6,976.9E3,1.017E6,995.1E3,976.9E3,1.009E6,1.024E6,985.2E3,971.5E3,1.026E6,993.0E3,999.6E3,1.016E6,981.3E3,983.4E3,994.1E3,1.009E6,1.033E6,1.022E6,1.001E6,972.5E3,994.0E3,970.8E3,1.008E6,978.7E3,1.002E6,995.7E3,987.6E3,1.012E6,993.6E3,978.9E3,982.7E3,994.0E3,1.042E6,1.028E6,1.042E6,1.038E6,986.3E3,989.3E3,1.021E6,1.010E6,1.010E6,1.029E6,994.0E3,1.021E6,1.025E6,984.7E3,985.6E3,986.7E3,988.8E3,990.4E3,1.001E6,1.028E6,988.7E3,999.6E3,975.9E3,983.6E3,969.4E3,972.8E3,975.9E3,998.7E3,989.7E3,1.003E6,994.2E3,1.033E6,1.022E6,1.021E6,1.030E6,1.016E6,971.9E3,977.9E3,1.019E6,1.018E6,1.004E6,984.2E3,977.6E3,995.6E3,990.4E3,1.004E6,1.042E6,1.049E6,993.2E3,935.9E3,983.3E3,1.021E6,997.3E3,1.008E6,1.003E6,985.8E3,1.025E6,989.9E3,981.6E3,1.021E6,955.6E3,995.2E3,1.004E6,989.5E3,992.5E3,967.8E3,983.0E3,976.3E3,989.8E3,986.2E3,1.017E6,973.7E3,1.064E6,1.025E6,1.017E6,1.028E6,972.5E3,1.015E6,1.021E6,1.015E6,993.4E3,1.000E6,1.022E6,997.2E3,1.067E6,1.029E6,1.005E6,993.7E3,1.019E6,1.043E6,1.011E6,960.7E3,988.1E3,1.032E6,1.033E6,1.006E6,990.4E3,944.7E3,1.010E6,993.3E3,1.013E6,997.9E3,995.7E3,1.013E6,973.8E3,1.018E6,1.002E6,987.6E3,1.003E6,1.035E6,1.044E6,1.015E6,975.7E3,974.2E3,1.067E6,994.6E3,991.8E3,1.029E6,1.004E6,990.1E3,1.013E6,990.5E3,1.006E6,954.6E3,1.023E6,968.5E3,1.011E6,1.006E6,952.4E3,991.8E3,958.2E3,987.6E3,977.5E3,1.032E6
