p_level ,value(getData("rram_0.mem_0:rram_r_read" ?result "tran" ?resultsDir "./arizona_rram_1t1r.raw") 130n) iteration 1  (-real),value(getData("rram_0.mem_0:rram_r_read" ?result "tran" ?resultsDir "./arizona_rram_1t1r.raw") 130n) iteration 2  (-real),value(getData("rram_0.mem_0:rram_r_read" ?result "tran" ?resultsDir "./arizona_rram_1t1r.raw") 130n) iteration 3  (-real),value(getData("rram_0.mem_0:rram_r_read" ?result "tran" ?resultsDir "./arizona_rram_1t1r.raw") 130n) iteration 4  (-real),value(getData("rram_0.mem_0:rram_r_read" ?result "tran" ?resultsDir "./arizona_rram_1t1r.raw") 130n) iteration 5  (-real),value(getData("rram_0.mem_0:rram_r_read" ?result "tran" ?resultsDir "./arizona_rram_1t1r.raw") 130n) iteration 6  (-real),value(getData("rram_0.mem_0:rram_r_read" ?result "tran" ?resultsDir "./arizona_rram_1t1r.raw") 130n) iteration 7  (-real),value(getData("rram_0.mem_0:rram_r_read" ?result "tran" ?resultsDir "./arizona_rram_1t1r.raw") 130n) iteration 8  (-real),value(getData("rram_0.mem_0:rram_r_read" ?result "tran" ?resultsDir "./arizona_rram_1t1r.raw") 130n) iteration 9  (-real),value(getData("rram_0.mem_0:rram_r_read" ?result "tran" ?resultsDir "./arizona_rram_1t1r.raw") 130n) iteration 10  (-real),value(getData("rram_0.mem_0:rram_r_read" ?result "tran" ?resultsDir "./arizona_rram_1t1r.raw") 130n) iteration 11  (-real),value(getData("rram_0.mem_0:rram_r_read" ?result "tran" ?resultsDir "./arizona_rram_1t1r.raw") 130n) iteration 12  (-real),value(getData("rram_0.mem_0:rram_r_read" ?result "tran" ?resultsDir "./arizona_rram_1t1r.raw") 130n) iteration 13  (-real),value(getData("rram_0.mem_0:rram_r_read" ?result "tran" ?resultsDir "./arizona_rram_1t1r.raw") 130n) iteration 14  (-real),value(getData("rram_0.mem_0:rram_r_read" ?result "tran" ?resultsDir "./arizona_rram_1t1r.raw") 130n) iteration 15  (-real),value(getData("rram_0.mem_0:rram_r_read" ?result "tran" ?resultsDir "./arizona_rram_1t1r.raw") 130n) iteration 16  (-real),value(getData("rram_0.mem_0:rram_r_read" ?result "tran" ?resultsDir "./arizona_rram_1t1r.raw") 130n) iteration 17  (-real),value(getData("rram_0.mem_0:rram_r_read" ?result "tran" ?resultsDir "./arizona_rram_1t1r.raw") 130n) iteration 18  (-real),value(getData("rram_0.mem_0:rram_r_read" ?result "tran" ?resultsDir "./arizona_rram_1t1r.raw") 130n) iteration 19  (-real),value(getData("rram_0.mem_0:rram_r_read" ?result "tran" ?resultsDir "./arizona_rram_1t1r.raw") 130n) iteration 20  (-real),value(getData("rram_0.mem_0:rram_r_read" ?result "tran" ?resultsDir "./arizona_rram_1t1r.raw") 130n) iteration 21  (-real),value(getData("rram_0.mem_0:rram_r_read" ?result "tran" ?resultsDir "./arizona_rram_1t1r.raw") 130n) iteration 22  (-real),value(getData("rram_0.mem_0:rram_r_read" ?result "tran" ?resultsDir "./arizona_rram_1t1r.raw") 130n) iteration 23  (-real),value(getData("rram_0.mem_0:rram_r_read" ?result "tran" ?resultsDir "./arizona_rram_1t1r.raw") 130n) iteration 24  (-real),value(getData("rram_0.mem_0:rram_r_read" ?result "tran" ?resultsDir "./arizona_rram_1t1r.raw") 130n) iteration 25  (-real),value(getData("rram_0.mem_0:rram_r_read" ?result "tran" ?resultsDir "./arizona_rram_1t1r.raw") 130n) iteration 26  (-real),value(getData("rram_0.mem_0:rram_r_read" ?result "tran" ?resultsDir "./arizona_rram_1t1r.raw") 130n) iteration 27  (-real),value(getData("rram_0.mem_0:rram_r_read" ?result "tran" ?resultsDir "./arizona_rram_1t1r.raw") 130n) iteration 28  (-real),value(getData("rram_0.mem_0:rram_r_read" ?result "tran" ?resultsDir "./arizona_rram_1t1r.raw") 130n) iteration 29  (-real),value(getData("rram_0.mem_0:rram_r_read" ?result "tran" ?resultsDir "./arizona_rram_1t1r.raw") 130n) iteration 30  (-real),value(getData("rram_0.mem_0:rram_r_read" ?result "tran" ?resultsDir "./arizona_rram_1t1r.raw") 130n) iteration 31  (-real),value(getData("rram_0.mem_0:rram_r_read" ?result "tran" ?resultsDir "./arizona_rram_1t1r.raw") 130n) iteration 32  (-real),value(getData("rram_0.mem_0:rram_r_read" ?result "tran" ?resultsDir "./arizona_rram_1t1r.raw") 130n) iteration 33  (-real),value(getData("rram_0.mem_0:rram_r_read" ?result "tran" ?resultsDir "./arizona_rram_1t1r.raw") 130n) iteration 34  (-real),value(getData("rram_0.mem_0:rram_r_read" ?result "tran" ?resultsDir "./arizona_rram_1t1r.raw") 130n) iteration 35  (-real),value(getData("rram_0.mem_0:rram_r_read" ?result "tran" ?resultsDir "./arizona_rram_1t1r.raw") 130n) iteration 36  (-real),value(getData("rram_0.mem_0:rram_r_read" ?result "tran" ?resultsDir "./arizona_rram_1t1r.raw") 130n) iteration 37  (-real),value(getData("rram_0.mem_0:rram_r_read" ?result "tran" ?resultsDir "./arizona_rram_1t1r.raw") 130n) iteration 38  (-real),value(getData("rram_0.mem_0:rram_r_read" ?result "tran" ?resultsDir "./arizona_rram_1t1r.raw") 130n) iteration 39  (-real),value(getData("rram_0.mem_0:rram_r_read" ?result "tran" ?resultsDir "./arizona_rram_1t1r.raw") 130n) iteration 40  (-real),value(getData("rram_0.mem_0:rram_r_read" ?result "tran" ?resultsDir "./arizona_rram_1t1r.raw") 130n) iteration 41  (-real),value(getData("rram_0.mem_0:rram_r_read" ?result "tran" ?resultsDir "./arizona_rram_1t1r.raw") 130n) iteration 42  (-real),value(getData("rram_0.mem_0:rram_r_read" ?result "tran" ?resultsDir "./arizona_rram_1t1r.raw") 130n) iteration 43  (-real),value(getData("rram_0.mem_0:rram_r_read" ?result "tran" ?resultsDir "./arizona_rram_1t1r.raw") 130n) iteration 44  (-real),value(getData("rram_0.mem_0:rram_r_read" ?result "tran" ?resultsDir "./arizona_rram_1t1r.raw") 130n) iteration 45  (-real),value(getData("rram_0.mem_0:rram_r_read" ?result "tran" ?resultsDir "./arizona_rram_1t1r.raw") 130n) iteration 46  (-real),value(getData("rram_0.mem_0:rram_r_read" ?result "tran" ?resultsDir "./arizona_rram_1t1r.raw") 130n) iteration 47  (-real),value(getData("rram_0.mem_0:rram_r_read" ?result "tran" ?resultsDir "./arizona_rram_1t1r.raw") 130n) iteration 48  (-real),value(getData("rram_0.mem_0:rram_r_read" ?result "tran" ?resultsDir "./arizona_rram_1t1r.raw") 130n) iteration 49  (-real),value(getData("rram_0.mem_0:rram_r_read" ?result "tran" ?resultsDir "./arizona_rram_1t1r.raw") 130n) iteration 50  (-real),value(getData("rram_0.mem_0:rram_r_read" ?result "tran" ?resultsDir "./arizona_rram_1t1r.raw") 130n) iteration 51  (-real),value(getData("rram_0.mem_0:rram_r_read" ?result "tran" ?resultsDir "./arizona_rram_1t1r.raw") 130n) iteration 52  (-real),value(getData("rram_0.mem_0:rram_r_read" ?result "tran" ?resultsDir "./arizona_rram_1t1r.raw") 130n) iteration 53  (-real),value(getData("rram_0.mem_0:rram_r_read" ?result "tran" ?resultsDir "./arizona_rram_1t1r.raw") 130n) iteration 54  (-real),value(getData("rram_0.mem_0:rram_r_read" ?result "tran" ?resultsDir "./arizona_rram_1t1r.raw") 130n) iteration 55  (-real),value(getData("rram_0.mem_0:rram_r_read" ?result "tran" ?resultsDir "./arizona_rram_1t1r.raw") 130n) iteration 56  (-real),value(getData("rram_0.mem_0:rram_r_read" ?result "tran" ?resultsDir "./arizona_rram_1t1r.raw") 130n) iteration 57  (-real),value(getData("rram_0.mem_0:rram_r_read" ?result "tran" ?resultsDir "./arizona_rram_1t1r.raw") 130n) iteration 58  (-real),value(getData("rram_0.mem_0:rram_r_read" ?result "tran" ?resultsDir "./arizona_rram_1t1r.raw") 130n) iteration 59  (-real),value(getData("rram_0.mem_0:rram_r_read" ?result "tran" ?resultsDir "./arizona_rram_1t1r.raw") 130n) iteration 60  (-real),value(getData("rram_0.mem_0:rram_r_read" ?result "tran" ?resultsDir "./arizona_rram_1t1r.raw") 130n) iteration 61  (-real),value(getData("rram_0.mem_0:rram_r_read" ?result "tran" ?resultsDir "./arizona_rram_1t1r.raw") 130n) iteration 62  (-real),value(getData("rram_0.mem_0:rram_r_read" ?result "tran" ?resultsDir "./arizona_rram_1t1r.raw") 130n) iteration 63  (-real),value(getData("rram_0.mem_0:rram_r_read" ?result "tran" ?resultsDir "./arizona_rram_1t1r.raw") 130n) iteration 64  (-real),value(getData("rram_0.mem_0:rram_r_read" ?result "tran" ?resultsDir "./arizona_rram_1t1r.raw") 130n) iteration 65  (-real),value(getData("rram_0.mem_0:rram_r_read" ?result "tran" ?resultsDir "./arizona_rram_1t1r.raw") 130n) iteration 66  (-real),value(getData("rram_0.mem_0:rram_r_read" ?result "tran" ?resultsDir "./arizona_rram_1t1r.raw") 130n) iteration 67  (-real),value(getData("rram_0.mem_0:rram_r_read" ?result "tran" ?resultsDir "./arizona_rram_1t1r.raw") 130n) iteration 68  (-real),value(getData("rram_0.mem_0:rram_r_read" ?result "tran" ?resultsDir "./arizona_rram_1t1r.raw") 130n) iteration 69  (-real),value(getData("rram_0.mem_0:rram_r_read" ?result "tran" ?resultsDir "./arizona_rram_1t1r.raw") 130n) iteration 70  (-real),value(getData("rram_0.mem_0:rram_r_read" ?result "tran" ?resultsDir "./arizona_rram_1t1r.raw") 130n) iteration 71  (-real),value(getData("rram_0.mem_0:rram_r_read" ?result "tran" ?resultsDir "./arizona_rram_1t1r.raw") 130n) iteration 72  (-real),value(getData("rram_0.mem_0:rram_r_read" ?result "tran" ?resultsDir "./arizona_rram_1t1r.raw") 130n) iteration 73  (-real),value(getData("rram_0.mem_0:rram_r_read" ?result "tran" ?resultsDir "./arizona_rram_1t1r.raw") 130n) iteration 74  (-real),value(getData("rram_0.mem_0:rram_r_read" ?result "tran" ?resultsDir "./arizona_rram_1t1r.raw") 130n) iteration 75  (-real),value(getData("rram_0.mem_0:rram_r_read" ?result "tran" ?resultsDir "./arizona_rram_1t1r.raw") 130n) iteration 76  (-real),value(getData("rram_0.mem_0:rram_r_read" ?result "tran" ?resultsDir "./arizona_rram_1t1r.raw") 130n) iteration 77  (-real),value(getData("rram_0.mem_0:rram_r_read" ?result "tran" ?resultsDir "./arizona_rram_1t1r.raw") 130n) iteration 78  (-real),value(getData("rram_0.mem_0:rram_r_read" ?result "tran" ?resultsDir "./arizona_rram_1t1r.raw") 130n) iteration 79  (-real),value(getData("rram_0.mem_0:rram_r_read" ?result "tran" ?resultsDir "./arizona_rram_1t1r.raw") 130n) iteration 80  (-real),value(getData("rram_0.mem_0:rram_r_read" ?result "tran" ?resultsDir "./arizona_rram_1t1r.raw") 130n) iteration 81  (-real),value(getData("rram_0.mem_0:rram_r_read" ?result "tran" ?resultsDir "./arizona_rram_1t1r.raw") 130n) iteration 82  (-real),value(getData("rram_0.mem_0:rram_r_read" ?result "tran" ?resultsDir "./arizona_rram_1t1r.raw") 130n) iteration 83  (-real),value(getData("rram_0.mem_0:rram_r_read" ?result "tran" ?resultsDir "./arizona_rram_1t1r.raw") 130n) iteration 84  (-real),value(getData("rram_0.mem_0:rram_r_read" ?result "tran" ?resultsDir "./arizona_rram_1t1r.raw") 130n) iteration 85  (-real),value(getData("rram_0.mem_0:rram_r_read" ?result "tran" ?resultsDir "./arizona_rram_1t1r.raw") 130n) iteration 86  (-real),value(getData("rram_0.mem_0:rram_r_read" ?result "tran" ?resultsDir "./arizona_rram_1t1r.raw") 130n) iteration 87  (-real),value(getData("rram_0.mem_0:rram_r_read" ?result "tran" ?resultsDir "./arizona_rram_1t1r.raw") 130n) iteration 88  (-real),value(getData("rram_0.mem_0:rram_r_read" ?result "tran" ?resultsDir "./arizona_rram_1t1r.raw") 130n) iteration 89  (-real),value(getData("rram_0.mem_0:rram_r_read" ?result "tran" ?resultsDir "./arizona_rram_1t1r.raw") 130n) iteration 90  (-real),value(getData("rram_0.mem_0:rram_r_read" ?result "tran" ?resultsDir "./arizona_rram_1t1r.raw") 130n) iteration 91  (-real),value(getData("rram_0.mem_0:rram_r_read" ?result "tran" ?resultsDir "./arizona_rram_1t1r.raw") 130n) iteration 92  (-real),value(getData("rram_0.mem_0:rram_r_read" ?result "tran" ?resultsDir "./arizona_rram_1t1r.raw") 130n) iteration 93  (-real),value(getData("rram_0.mem_0:rram_r_read" ?result "tran" ?resultsDir "./arizona_rram_1t1r.raw") 130n) iteration 94  (-real),value(getData("rram_0.mem_0:rram_r_read" ?result "tran" ?resultsDir "./arizona_rram_1t1r.raw") 130n) iteration 95  (-real),value(getData("rram_0.mem_0:rram_r_read" ?result "tran" ?resultsDir "./arizona_rram_1t1r.raw") 130n) iteration 96  (-real),value(getData("rram_0.mem_0:rram_r_read" ?result "tran" ?resultsDir "./arizona_rram_1t1r.raw") 130n) iteration 97  (-real),value(getData("rram_0.mem_0:rram_r_read" ?result "tran" ?resultsDir "./arizona_rram_1t1r.raw") 130n) iteration 98  (-real),value(getData("rram_0.mem_0:rram_r_read" ?result "tran" ?resultsDir "./arizona_rram_1t1r.raw") 130n) iteration 99  (-real),value(getData("rram_0.mem_0:rram_r_read" ?result "tran" ?resultsDir "./arizona_rram_1t1r.raw") 130n) iteration 100  (-real),value(getData("rram_0.mem_0:rram_r_read" ?result "tran" ?resultsDir "./arizona_rram_1t1r.raw") 130n) iteration 101  (-real),value(getData("rram_0.mem_0:rram_r_read" ?result "tran" ?resultsDir "./arizona_rram_1t1r.raw") 130n) iteration 102  (-real),value(getData("rram_0.mem_0:rram_r_read" ?result "tran" ?resultsDir "./arizona_rram_1t1r.raw") 130n) iteration 103  (-real),value(getData("rram_0.mem_0:rram_r_read" ?result "tran" ?resultsDir "./arizona_rram_1t1r.raw") 130n) iteration 104  (-real),value(getData("rram_0.mem_0:rram_r_read" ?result "tran" ?resultsDir "./arizona_rram_1t1r.raw") 130n) iteration 105  (-real),value(getData("rram_0.mem_0:rram_r_read" ?result "tran" ?resultsDir "./arizona_rram_1t1r.raw") 130n) iteration 106  (-real),value(getData("rram_0.mem_0:rram_r_read" ?result "tran" ?resultsDir "./arizona_rram_1t1r.raw") 130n) iteration 107  (-real),value(getData("rram_0.mem_0:rram_r_read" ?result "tran" ?resultsDir "./arizona_rram_1t1r.raw") 130n) iteration 108  (-real),value(getData("rram_0.mem_0:rram_r_read" ?result "tran" ?resultsDir "./arizona_rram_1t1r.raw") 130n) iteration 109  (-real),value(getData("rram_0.mem_0:rram_r_read" ?result "tran" ?resultsDir "./arizona_rram_1t1r.raw") 130n) iteration 110  (-real),value(getData("rram_0.mem_0:rram_r_read" ?result "tran" ?resultsDir "./arizona_rram_1t1r.raw") 130n) iteration 111  (-real),value(getData("rram_0.mem_0:rram_r_read" ?result "tran" ?resultsDir "./arizona_rram_1t1r.raw") 130n) iteration 112  (-real),value(getData("rram_0.mem_0:rram_r_read" ?result "tran" ?resultsDir "./arizona_rram_1t1r.raw") 130n) iteration 113  (-real),value(getData("rram_0.mem_0:rram_r_read" ?result "tran" ?resultsDir "./arizona_rram_1t1r.raw") 130n) iteration 114  (-real),value(getData("rram_0.mem_0:rram_r_read" ?result "tran" ?resultsDir "./arizona_rram_1t1r.raw") 130n) iteration 115  (-real),value(getData("rram_0.mem_0:rram_r_read" ?result "tran" ?resultsDir "./arizona_rram_1t1r.raw") 130n) iteration 116  (-real),value(getData("rram_0.mem_0:rram_r_read" ?result "tran" ?resultsDir "./arizona_rram_1t1r.raw") 130n) iteration 117  (-real),value(getData("rram_0.mem_0:rram_r_read" ?result "tran" ?resultsDir "./arizona_rram_1t1r.raw") 130n) iteration 118  (-real),value(getData("rram_0.mem_0:rram_r_read" ?result "tran" ?resultsDir "./arizona_rram_1t1r.raw") 130n) iteration 119  (-real),value(getData("rram_0.mem_0:rram_r_read" ?result "tran" ?resultsDir "./arizona_rram_1t1r.raw") 130n) iteration 120  (-real),value(getData("rram_0.mem_0:rram_r_read" ?result "tran" ?resultsDir "./arizona_rram_1t1r.raw") 130n) iteration 121  (-real),value(getData("rram_0.mem_0:rram_r_read" ?result "tran" ?resultsDir "./arizona_rram_1t1r.raw") 130n) iteration 122  (-real),value(getData("rram_0.mem_0:rram_r_read" ?result "tran" ?resultsDir "./arizona_rram_1t1r.raw") 130n) iteration 123  (-real),value(getData("rram_0.mem_0:rram_r_read" ?result "tran" ?resultsDir "./arizona_rram_1t1r.raw") 130n) iteration 124  (-real),value(getData("rram_0.mem_0:rram_r_read" ?result "tran" ?resultsDir "./arizona_rram_1t1r.raw") 130n) iteration 125  (-real),value(getData("rram_0.mem_0:rram_r_read" ?result "tran" ?resultsDir "./arizona_rram_1t1r.raw") 130n) iteration 126  (-real),value(getData("rram_0.mem_0:rram_r_read" ?result "tran" ?resultsDir "./arizona_rram_1t1r.raw") 130n) iteration 127  (-real),value(getData("rram_0.mem_0:rram_r_read" ?result "tran" ?resultsDir "./arizona_rram_1t1r.raw") 130n) iteration 128  (-real),value(getData("rram_0.mem_0:rram_r_read" ?result "tran" ?resultsDir "./arizona_rram_1t1r.raw") 130n) iteration 129  (-real),value(getData("rram_0.mem_0:rram_r_read" ?result "tran" ?resultsDir "./arizona_rram_1t1r.raw") 130n) iteration 130  (-real),value(getData("rram_0.mem_0:rram_r_read" ?result "tran" ?resultsDir "./arizona_rram_1t1r.raw") 130n) iteration 131  (-real),value(getData("rram_0.mem_0:rram_r_read" ?result "tran" ?resultsDir "./arizona_rram_1t1r.raw") 130n) iteration 132  (-real),value(getData("rram_0.mem_0:rram_r_read" ?result "tran" ?resultsDir "./arizona_rram_1t1r.raw") 130n) iteration 133  (-real),value(getData("rram_0.mem_0:rram_r_read" ?result "tran" ?resultsDir "./arizona_rram_1t1r.raw") 130n) iteration 134  (-real),value(getData("rram_0.mem_0:rram_r_read" ?result "tran" ?resultsDir "./arizona_rram_1t1r.raw") 130n) iteration 135  (-real),value(getData("rram_0.mem_0:rram_r_read" ?result "tran" ?resultsDir "./arizona_rram_1t1r.raw") 130n) iteration 136  (-real),value(getData("rram_0.mem_0:rram_r_read" ?result "tran" ?resultsDir "./arizona_rram_1t1r.raw") 130n) iteration 137  (-real),value(getData("rram_0.mem_0:rram_r_read" ?result "tran" ?resultsDir "./arizona_rram_1t1r.raw") 130n) iteration 138  (-real),value(getData("rram_0.mem_0:rram_r_read" ?result "tran" ?resultsDir "./arizona_rram_1t1r.raw") 130n) iteration 139  (-real),value(getData("rram_0.mem_0:rram_r_read" ?result "tran" ?resultsDir "./arizona_rram_1t1r.raw") 130n) iteration 140  (-real),value(getData("rram_0.mem_0:rram_r_read" ?result "tran" ?resultsDir "./arizona_rram_1t1r.raw") 130n) iteration 141  (-real),value(getData("rram_0.mem_0:rram_r_read" ?result "tran" ?resultsDir "./arizona_rram_1t1r.raw") 130n) iteration 142  (-real),value(getData("rram_0.mem_0:rram_r_read" ?result "tran" ?resultsDir "./arizona_rram_1t1r.raw") 130n) iteration 143  (-real),value(getData("rram_0.mem_0:rram_r_read" ?result "tran" ?resultsDir "./arizona_rram_1t1r.raw") 130n) iteration 144  (-real),value(getData("rram_0.mem_0:rram_r_read" ?result "tran" ?resultsDir "./arizona_rram_1t1r.raw") 130n) iteration 145  (-real),value(getData("rram_0.mem_0:rram_r_read" ?result "tran" ?resultsDir "./arizona_rram_1t1r.raw") 130n) iteration 146  (-real),value(getData("rram_0.mem_0:rram_r_read" ?result "tran" ?resultsDir "./arizona_rram_1t1r.raw") 130n) iteration 147  (-real),value(getData("rram_0.mem_0:rram_r_read" ?result "tran" ?resultsDir "./arizona_rram_1t1r.raw") 130n) iteration 148  (-real),value(getData("rram_0.mem_0:rram_r_read" ?result "tran" ?resultsDir "./arizona_rram_1t1r.raw") 130n) iteration 149  (-real),value(getData("rram_0.mem_0:rram_r_read" ?result "tran" ?resultsDir "./arizona_rram_1t1r.raw") 130n) iteration 150  (-real),value(getData("rram_0.mem_0:rram_r_read" ?result "tran" ?resultsDir "./arizona_rram_1t1r.raw") 130n) iteration 151  (-real),value(getData("rram_0.mem_0:rram_r_read" ?result "tran" ?resultsDir "./arizona_rram_1t1r.raw") 130n) iteration 152  (-real),value(getData("rram_0.mem_0:rram_r_read" ?result "tran" ?resultsDir "./arizona_rram_1t1r.raw") 130n) iteration 153  (-real),value(getData("rram_0.mem_0:rram_r_read" ?result "tran" ?resultsDir "./arizona_rram_1t1r.raw") 130n) iteration 154  (-real),value(getData("rram_0.mem_0:rram_r_read" ?result "tran" ?resultsDir "./arizona_rram_1t1r.raw") 130n) iteration 155  (-real),value(getData("rram_0.mem_0:rram_r_read" ?result "tran" ?resultsDir "./arizona_rram_1t1r.raw") 130n) iteration 156  (-real),value(getData("rram_0.mem_0:rram_r_read" ?result "tran" ?resultsDir "./arizona_rram_1t1r.raw") 130n) iteration 157  (-real),value(getData("rram_0.mem_0:rram_r_read" ?result "tran" ?resultsDir "./arizona_rram_1t1r.raw") 130n) iteration 158  (-real),value(getData("rram_0.mem_0:rram_r_read" ?result "tran" ?resultsDir "./arizona_rram_1t1r.raw") 130n) iteration 159  (-real),value(getData("rram_0.mem_0:rram_r_read" ?result "tran" ?resultsDir "./arizona_rram_1t1r.raw") 130n) iteration 160  (-real),value(getData("rram_0.mem_0:rram_r_read" ?result "tran" ?resultsDir "./arizona_rram_1t1r.raw") 130n) iteration 161  (-real),value(getData("rram_0.mem_0:rram_r_read" ?result "tran" ?resultsDir "./arizona_rram_1t1r.raw") 130n) iteration 162  (-real),value(getData("rram_0.mem_0:rram_r_read" ?result "tran" ?resultsDir "./arizona_rram_1t1r.raw") 130n) iteration 163  (-real),value(getData("rram_0.mem_0:rram_r_read" ?result "tran" ?resultsDir "./arizona_rram_1t1r.raw") 130n) iteration 164  (-real),value(getData("rram_0.mem_0:rram_r_read" ?result "tran" ?resultsDir "./arizona_rram_1t1r.raw") 130n) iteration 165  (-real),value(getData("rram_0.mem_0:rram_r_read" ?result "tran" ?resultsDir "./arizona_rram_1t1r.raw") 130n) iteration 166  (-real),value(getData("rram_0.mem_0:rram_r_read" ?result "tran" ?resultsDir "./arizona_rram_1t1r.raw") 130n) iteration 167  (-real),value(getData("rram_0.mem_0:rram_r_read" ?result "tran" ?resultsDir "./arizona_rram_1t1r.raw") 130n) iteration 168  (-real),value(getData("rram_0.mem_0:rram_r_read" ?result "tran" ?resultsDir "./arizona_rram_1t1r.raw") 130n) iteration 169  (-real),value(getData("rram_0.mem_0:rram_r_read" ?result "tran" ?resultsDir "./arizona_rram_1t1r.raw") 130n) iteration 170  (-real),value(getData("rram_0.mem_0:rram_r_read" ?result "tran" ?resultsDir "./arizona_rram_1t1r.raw") 130n) iteration 171  (-real),value(getData("rram_0.mem_0:rram_r_read" ?result "tran" ?resultsDir "./arizona_rram_1t1r.raw") 130n) iteration 172  (-real),value(getData("rram_0.mem_0:rram_r_read" ?result "tran" ?resultsDir "./arizona_rram_1t1r.raw") 130n) iteration 173  (-real),value(getData("rram_0.mem_0:rram_r_read" ?result "tran" ?resultsDir "./arizona_rram_1t1r.raw") 130n) iteration 174  (-real),value(getData("rram_0.mem_0:rram_r_read" ?result "tran" ?resultsDir "./arizona_rram_1t1r.raw") 130n) iteration 175  (-real),value(getData("rram_0.mem_0:rram_r_read" ?result "tran" ?resultsDir "./arizona_rram_1t1r.raw") 130n) iteration 176  (-real),value(getData("rram_0.mem_0:rram_r_read" ?result "tran" ?resultsDir "./arizona_rram_1t1r.raw") 130n) iteration 177  (-real),value(getData("rram_0.mem_0:rram_r_read" ?result "tran" ?resultsDir "./arizona_rram_1t1r.raw") 130n) iteration 178  (-real),value(getData("rram_0.mem_0:rram_r_read" ?result "tran" ?resultsDir "./arizona_rram_1t1r.raw") 130n) iteration 179  (-real),value(getData("rram_0.mem_0:rram_r_read" ?result "tran" ?resultsDir "./arizona_rram_1t1r.raw") 130n) iteration 180  (-real),value(getData("rram_0.mem_0:rram_r_read" ?result "tran" ?resultsDir "./arizona_rram_1t1r.raw") 130n) iteration 181  (-real),value(getData("rram_0.mem_0:rram_r_read" ?result "tran" ?resultsDir "./arizona_rram_1t1r.raw") 130n) iteration 182  (-real),value(getData("rram_0.mem_0:rram_r_read" ?result "tran" ?resultsDir "./arizona_rram_1t1r.raw") 130n) iteration 183  (-real),value(getData("rram_0.mem_0:rram_r_read" ?result "tran" ?resultsDir "./arizona_rram_1t1r.raw") 130n) iteration 184  (-real),value(getData("rram_0.mem_0:rram_r_read" ?result "tran" ?resultsDir "./arizona_rram_1t1r.raw") 130n) iteration 185  (-real),value(getData("rram_0.mem_0:rram_r_read" ?result "tran" ?resultsDir "./arizona_rram_1t1r.raw") 130n) iteration 186  (-real),value(getData("rram_0.mem_0:rram_r_read" ?result "tran" ?resultsDir "./arizona_rram_1t1r.raw") 130n) iteration 187  (-real),value(getData("rram_0.mem_0:rram_r_read" ?result "tran" ?resultsDir "./arizona_rram_1t1r.raw") 130n) iteration 188  (-real),value(getData("rram_0.mem_0:rram_r_read" ?result "tran" ?resultsDir "./arizona_rram_1t1r.raw") 130n) iteration 189  (-real),value(getData("rram_0.mem_0:rram_r_read" ?result "tran" ?resultsDir "./arizona_rram_1t1r.raw") 130n) iteration 190  (-real),value(getData("rram_0.mem_0:rram_r_read" ?result "tran" ?resultsDir "./arizona_rram_1t1r.raw") 130n) iteration 191  (-real),value(getData("rram_0.mem_0:rram_r_read" ?result "tran" ?resultsDir "./arizona_rram_1t1r.raw") 130n) iteration 192  (-real),value(getData("rram_0.mem_0:rram_r_read" ?result "tran" ?resultsDir "./arizona_rram_1t1r.raw") 130n) iteration 193  (-real),value(getData("rram_0.mem_0:rram_r_read" ?result "tran" ?resultsDir "./arizona_rram_1t1r.raw") 130n) iteration 194  (-real),value(getData("rram_0.mem_0:rram_r_read" ?result "tran" ?resultsDir "./arizona_rram_1t1r.raw") 130n) iteration 195  (-real),value(getData("rram_0.mem_0:rram_r_read" ?result "tran" ?resultsDir "./arizona_rram_1t1r.raw") 130n) iteration 196  (-real),value(getData("rram_0.mem_0:rram_r_read" ?result "tran" ?resultsDir "./arizona_rram_1t1r.raw") 130n) iteration 197  (-real),value(getData("rram_0.mem_0:rram_r_read" ?result "tran" ?resultsDir "./arizona_rram_1t1r.raw") 130n) iteration 198  (-real),value(getData("rram_0.mem_0:rram_r_read" ?result "tran" ?resultsDir "./arizona_rram_1t1r.raw") 130n) iteration 199  (-real),value(getData("rram_0.mem_0:rram_r_read" ?result "tran" ?resultsDir "./arizona_rram_1t1r.raw") 130n) iteration 200  (-real)
0.000,18.42E3,19.38E3,20.31E3,17.48E3,18.03E3,19.28E3,16.93E3,19.58E3,18.22E3,16.84E3,17.52E3,18.88E3,18.76E3,18.36E3,19.83E3,18.37E3,18.12E3,15.52E3,17.88E3,20.21E3,16.16E3,19.02E3,16.80E3,19.55E3,20.22E3,20.64E3,18.51E3,20.08E3,18.11E3,18.81E3,16.87E3,16.55E3,22.30E3,18.48E3,19.20E3,17.58E3,16.29E3,20.40E3,17.43E3,19.10E3,16.43E3,18.57E3,19.35E3,19.68E3,18.62E3,18.47E3,18.15E3,19.33E3,15.56E3,18.69E3,18.61E3,17.77E3,17.16E3,18.83E3,18.28E3,19.32E3,19.37E3,16.89E3,21.42E3,18.94E3,21.37E3,18.17E3,19.00E3,19.54E3,17.85E3,18.98E3,18.02E3,17.22E3,17.24E3,20.67E3,22.36E3,18.77E3,19.33E3,18.19E3,18.44E3,16.55E3,19.65E3,19.58E3,20.06E3,19.04E3,21.17E3,17.13E3,19.67E3,16.19E3,16.35E3,18.64E3,16.33E3,18.08E3,16.68E3,16.27E3,16.97E3,17.33E3,19.79E3,19.37E3,18.86E3,18.78E3,19.68E3,19.64E3,20.67E3,18.70E3,17.15E3,17.43E3,20.68E3,18.35E3,17.96E3,19.92E3,17.39E3,17.19E3,18.53E3,18.51E3,15.23E3,18.90E3,18.66E3,19.31E3,19.12E3,15.84E3,18.59E3,18.27E3,19.32E3,19.98E3,17.32E3,19.49E3,19.83E3,20.84E3,20.06E3,17.14E3,18.96E3,20.55E3,17.33E3,21.26E3,16.74E3,17.21E3,18.43E3,18.11E3,20.22E3,17.61E3,17.95E3,18.46E3,19.54E3,18.37E3,18.14E3,18.27E3,16.98E3,19.93E3,19.14E3,17.30E3,15.99E3,15.80E3,17.85E3,21.05E3,20.34E3,17.83E3,18.01E3,18.02E3,18.02E3,18.47E3,20.58E3,19.53E3,17.01E3,18.17E3,18.92E3,16.65E3,19.29E3,18.12E3,17.58E3,17.09E3,17.36E3,18.44E3,17.69E3,17.31E3,17.33E3,19.28E3,18.67E3,17.29E3,18.47E3,18.72E3,20.13E3,21.68E3,17.46E3,18.03E3,18.66E3,15.80E3,19.80E3,17.94E3,19.44E3,17.63E3,15.02E3,18.43E3,18.03E3,19.15E3,18.90E3,17.88E3,18.81E3,19.38E3,18.02E3,19.01E3,19.18E3,16.33E3,20.10E3,20.62E3
1.000,50.48E3,51.62E3,53.23E3,48.42E3,50.39E3,51.81E3,47.71E3,52.46E3,50.48E3,46.15E3,49.27E3,49.53E3,50.30E3,49.40E3,53.47E3,50.55E3,49.34E3,45.36E3,50.64E3,51.32E3,46.73E3,51.64E3,47.19E3,51.12E3,54.83E3,53.23E3,51.38E3,51.24E3,48.72E3,50.76E3,47.84E3,47.33E3,55.99E3,50.09E3,51.20E3,48.67E3,47.32E3,53.23E3,48.80E3,51.39E3,48.23E3,51.11E3,52.72E3,51.89E3,51.23E3,51.96E3,48.37E3,50.55E3,46.01E3,50.92E3,51.35E3,48.28E3,48.25E3,50.60E3,50.20E3,51.94E3,51.67E3,49.03E3,56.28E3,51.30E3,55.28E3,48.13E3,50.85E3,51.45E3,49.50E3,49.88E3,49.35E3,48.57E3,47.59E3,53.92E3,56.06E3,50.89E3,52.15E3,49.21E3,50.46E3,46.89E3,52.31E3,51.75E3,51.28E3,51.79E3,54.14E3,49.26E3,51.87E3,46.90E3,47.41E3,49.69E3,46.18E3,50.94E3,47.09E3,47.77E3,46.00E3,47.48E3,52.97E3,51.86E3,51.04E3,49.91E3,53.66E3,52.72E3,52.76E3,50.85E3,48.49E3,48.08E3,54.06E3,48.99E3,49.31E3,51.98E3,48.36E3,48.51E3,49.79E3,50.85E3,46.16E3,50.26E3,51.30E3,53.86E3,50.62E3,44.93E3,51.29E3,49.51E3,52.69E3,50.53E3,47.54E3,52.10E3,52.01E3,54.00E3,50.42E3,47.02E3,51.11E3,52.86E3,47.05E3,54.52E3,48.46E3,47.43E3,49.98E3,48.52E3,52.92E3,47.82E3,49.66E3,50.03E3,51.82E3,48.96E3,49.43E3,49.75E3,47.61E3,52.25E3,51.07E3,48.60E3,46.20E3,45.23E3,49.57E3,53.53E3,52.05E3,47.45E3,50.27E3,49.36E3,48.96E3,49.54E3,52.89E3,51.97E3,48.67E3,51.05E3,51.75E3,47.66E3,51.46E3,47.91E3,49.59E3,46.64E3,48.70E3,50.90E3,49.38E3,49.10E3,49.09E3,49.83E3,50.37E3,48.16E3,50.80E3,50.53E3,52.84E3,55.24E3,48.38E3,48.80E3,49.09E3,46.10E3,51.34E3,48.59E3,51.58E3,48.83E3,44.33E3,51.30E3,47.90E3,51.85E3,50.72E3,50.13E3,50.42E3,51.60E3,48.75E3,49.48E3,52.00E3,46.48E3,52.55E3,53.27E3
2.000,82.49E3,83.84E3,86.13E3,79.33E3,82.79E3,84.17E3,78.46E3,85.25E3,82.78E3,75.53E3,81.04E3,80.21E3,81.83E3,80.46E3,87.06E3,82.71E3,80.58E3,75.31E3,83.39E3,82.45E3,77.39E3,84.27E3,77.62E3,82.60E3,89.45E3,85.76E3,84.25E3,82.43E3,79.31E3,82.74E3,78.87E3,78.19E3,89.57E3,81.63E3,83.23E3,79.79E3,78.31E3,86.04E3,80.17E3,83.65E3,79.91E3,83.65E3,86.05E3,83.98E3,83.69E3,85.47E3,78.64E3,81.76E3,76.50E3,83.17E3,84.07E3,78.84E3,79.34E3,82.39E3,82.15E3,84.35E3,83.96E3,81.08E3,91.03E3,83.64E3,89.15E3,78.14E3,82.69E3,83.34E3,81.19E3,80.79E3,80.60E3,79.98E3,77.99E3,87.15E3,89.60E3,83.04E3,84.95E3,80.27E3,82.51E3,77.26E3,84.99E3,83.85E3,82.51E3,84.54E3,86.78E3,81.33E3,84.09E3,77.65E3,78.57E3,80.76E3,76.11E3,83.81E3,77.58E3,79.33E3,75.15E3,77.70E3,86.11E3,84.35E3,83.12E3,81.04E3,87.60E3,85.72E3,84.88E3,83.02E3,79.86E3,78.78E3,87.42E3,79.70E3,80.68E3,83.97E3,79.29E3,79.87E3,81.12E3,83.11E3,77.19E3,81.60E3,83.80E3,88.33E3,82.17E3,74.13E3,84.01E3,80.76E3,86.09E3,81.15E3,77.85E3,84.55E3,84.17E3,87.13E3,80.81E3,76.92E3,83.28E3,85.06E3,76.74E3,87.75E3,80.25E3,77.71E3,81.56E3,78.99E3,85.54E3,78.06E3,81.37E3,81.62E3,84.10E3,79.59E3,80.74E3,81.26E3,78.28E3,84.57E3,83.00E3,79.86E3,76.47E3,74.77E3,81.32E3,85.92E3,83.68E3,77.11E3,82.56E3,80.72E3,79.92E3,80.64E3,85.17E3,84.41E3,80.32E3,83.79E3,84.57E3,78.73E3,83.63E3,77.77E3,81.61E3,76.12E3,80.09E3,83.35E3,81.07E3,80.92E3,80.89E3,80.43E3,82.10E3,79.00E3,83.15E3,82.36E3,85.47E3,88.69E3,79.36E3,79.57E3,79.55E3,76.52E3,82.58E3,79.29E3,83.71E3,79.94E3,73.75E3,84.13E3,77.84E3,84.49E3,82.57E3,82.39E3,82.04E3,83.84E3,79.52E3,79.97E3,84.77E3,76.72E3,84.86E3,85.82E3
3.000,114.8E3,116.4E3,119.4E3,110.5E3,115.6E3,116.8E3,109.6E3,118.4E3,115.5E3,105.2E3,113.1E3,111.2E3,113.7E3,111.8E3,121.0E3,115.2E3,112.1E3,105.5E3,116.5E3,114.0E3,108.3E3,117.3E3,108.4E3,114.3E3,124.6E3,118.8E3,117.5E3,114.0E3,110.3E3,115.1E3,110.2E3,109.4E3,123.5E3,113.4E3,115.7E3,111.2E3,109.5E3,119.3E3,111.8E3,116.3E3,111.8E3,116.6E3,119.8E3,116.3E3,116.4E3,119.4E3,109.2E3,113.3E3,107.2E3,115.8E3,117.2E3,109.7E3,110.7E3,114.5E3,114.4E3,117.0E3,116.6E3,113.4E3,126.2E3,116.3E3,123.5E3,108.5E3,114.9E3,115.7E3,113.2E3,112.1E3,112.1E3,111.7E3,108.7E3,120.8E3,123.5E3,115.6E3,118.2E3,111.7E3,114.9E3,107.8E3,118.1E3,116.3E3,114.1E3,117.7E3,119.6E3,113.7E3,116.7E3,108.7E3,110.1E3,112.2E3,106.4E3,117.0E3,108.4E3,111.2E3,104.6E3,108.3E3,119.7E3,117.2E3,115.5E3,112.5E3,121.9E3,119.1E3,117.4E3,115.6E3,111.5E3,109.8E3,121.2E3,110.8E3,112.3E3,116.3E3,110.4E3,111.5E3,112.8E3,115.7E3,108.5E3,113.3E3,116.6E3,123.2E3,114.1E3,103.6E3,117.1E3,112.3E3,119.9E3,112.1E3,108.5E3,117.3E3,116.7E3,120.7E3,111.5E3,107.0E3,115.8E3,117.6E3,106.6E3,121.4E3,112.4E3,108.3E3,113.5E3,109.8E3,118.5E3,108.6E3,113.4E3,113.6E3,116.8E3,110.5E3,112.4E3,113.1E3,109.3E3,117.3E3,115.3E3,111.4E3,107.0E3,104.6E3,113.4E3,118.7E3,115.8E3,107.0E3,115.2E3,112.4E3,111.2E3,112.1E3,117.8E3,117.3E3,112.2E3,116.8E3,117.8E3,110.1E3,116.2E3,107.9E3,113.9E3,106.0E3,111.8E3,116.1E3,113.1E3,113.1E3,113.0E3,111.4E3,114.2E3,110.1E3,115.9E3,114.5E3,118.4E3,122.5E3,110.7E3,110.6E3,110.3E3,107.2E3,114.2E3,110.3E3,116.2E3,111.3E3,103.4E3,117.3E3,108.1E3,117.5E3,114.8E3,115.0E3,114.0E3,116.5E3,110.6E3,110.8E3,117.9E3,107.2E3,117.5E3,118.7E3
4.000,146.5E3,148.5E3,152.2E3,141.1E3,147.8E3,148.8E3,140.1E3,150.9E3,147.6E3,134.3E3,144.6E3,141.6E3,145.1E3,142.6E3,154.5E3,147.2E3,143.1E3,135.1E3,149.0E3,144.9E3,138.7E3,149.8E3,138.6E3,145.5E3,159.3E3,151.2E3,150.2E3,145.1E3,140.7E3,146.9E3,141.0E3,140.0E3,157.0E3,144.6E3,147.6E3,142.1E3,140.1E3,152.0E3,142.9E3,148.3E3,143.0E3,149.0E3,153.0E3,148.1E3,148.6E3,152.8E3,139.2E3,144.3E3,137.2E3,147.8E3,149.7E3,140.0E3,141.4E3,146.1E3,146.2E3,149.0E3,148.7E3,145.0E3,160.9E3,148.5E3,157.3E3,138.2E3,146.5E3,147.5E3,144.7E3,142.7E3,143.0E3,142.9E3,138.7E3,153.9E3,156.9E3,147.6E3,151.0E3,142.6E3,146.8E3,137.8E3,150.7E3,148.1E3,145.1E3,150.3E3,151.8E3,145.4E3,148.8E3,139.0E3,141.0E3,143.1E3,136.0E3,149.7E3,138.5E3,142.5E3,133.4E3,138.3E3,152.7E3,149.5E3,147.2E3,143.3E3,155.8E3,151.9E3,149.5E3,147.5E3,142.6E3,140.3E3,154.5E3,141.3E3,143.4E3,148.0E3,141.0E3,142.6E3,144.0E3,147.6E3,139.2E3,144.3E3,148.7E3,157.5E3,145.5E3,132.5E3,149.7E3,143.3E3,153.2E3,142.6E3,138.5E3,149.4E3,148.7E3,153.9E3,141.7E3,136.5E3,147.8E3,149.5E3,135.8E3,154.7E3,144.0E3,138.3E3,144.9E3,140.0E3,150.9E3,138.5E3,144.8E3,145.0E3,148.9E3,140.9E3,143.4E3,144.5E3,139.7E3,149.5E3,147.0E3,142.3E3,136.8E3,133.7E3,145.0E3,150.9E3,147.3E3,136.2E3,147.3E3,143.5E3,141.9E3,142.9E3,150.0E3,149.6E3,143.5E3,149.2E3,150.4E3,140.9E3,148.2E3,137.4E3,145.7E3,135.2E3,143.0E3,148.4E3,144.5E3,144.6E3,144.6E3,141.8E3,145.7E3,140.5E3,148.1E3,146.2E3,150.9E3,155.8E3,141.4E3,141.0E3,140.4E3,137.3E3,145.3E3,140.7E3,148.2E3,142.0E3,132.5E3,149.9E3,137.7E3,149.9E3,146.6E3,147.1E3,145.4E3,148.6E3,141.1E3,141.0E3,150.5E3,137.1E3,149.5E3,151.1E3
5.000,178.8E3,181.2E3,185.7E3,172.2E3,180.8E3,181.4E3,171.2E3,184.2E3,180.4E3,163.9E3,176.8E3,172.6E3,177.1E3,174.0E3,188.7E3,179.8E3,174.6E3,165.1E3,182.2E3,176.5E3,169.6E3,183.1E3,169.3E3,177.2E3,194.8E3,184.5E3,183.6E3,176.7E3,171.6E3,179.4E3,172.4E3,171.1E3,191.3E3,176.4E3,180.2E3,173.5E3,171.1E3,185.4E3,174.5E3,181.1E3,174.8E3,182.1E3,187.0E3,180.5E3,181.3E3,187.1E3,169.7E3,175.9E3,167.8E3,180.6E3,182.9E3,170.8E3,172.7E3,178.3E3,178.6E3,181.7E3,181.5E3,177.3E3,196.5E3,181.3E3,192.0E3,168.5E3,178.7E3,179.9E3,176.9E3,174.0E3,174.4E3,174.7E3,169.3E3,187.9E3,191.1E3,180.2E3,184.4E3,174.0E3,179.4E3,168.2E3,184.0E3,180.6E3,176.7E3,183.6E3,184.7E3,177.7E3,181.5E3,170.0E3,172.5E3,174.5E3,166.2E3,183.1E3,169.2E3,174.4E3,162.7E3,168.8E3,186.4E3,182.6E3,179.6E3,174.7E3,190.4E3,185.5E3,182.2E3,180.2E3,174.3E3,171.3E3,188.5E3,172.3E3,175.1E3,180.4E3,172.0E3,174.2E3,175.7E3,180.3E3,170.4E3,176.0E3,181.6E3,192.7E3,177.5E3,161.8E3,183.0E3,174.8E3,187.3E3,173.6E3,169.1E3,182.2E3,181.4E3,187.8E3,172.4E3,166.4E3,180.4E3,182.1E3,165.5E3,188.6E3,176.2E3,168.8E3,176.9E3,170.7E3,183.9E3,169.0E3,176.9E3,177.0E3,181.8E3,171.8E3,175.1E3,176.4E3,170.7E3,182.4E3,179.4E3,173.7E3,167.2E3,163.3E3,177.2E3,183.8E3,179.5E3,165.9E3,180.0E3,175.2E3,173.2E3,174.4E3,182.8E3,182.6E3,175.5E3,182.3E3,183.8E3,172.2E3,181.0E3,167.4E3,178.1E3,164.9E3,174.7E3,181.3E3,176.5E3,176.8E3,176.9E3,172.8E3,177.8E3,171.5E3,181.0E3,178.5E3,184.0E3,189.9E3,172.6E3,172.0E3,171.1E3,168.0E3,177.0E3,171.6E3,180.8E3,173.2E3,161.9E3,183.3E3,167.9E3,183.0E3,179.0E3,179.9E3,177.4E3,181.4E3,172.2E3,171.8E3,183.7E3,167.5E3,182.2E3,184.1E3
6.000,211.6E3,214.4E3,219.8E3,203.6E3,214.2E3,214.5E3,202.6E3,218.0E3,213.7E3,193.8E3,209.3E3,203.9E3,209.6E3,205.7E3,223.5E3,212.9E3,206.6E3,195.5E3,215.9E3,208.4E3,200.9E3,216.8E3,200.3E3,209.3E3,231.0E3,218.2E3,217.5E3,208.8E3,202.9E3,212.4E3,204.1E3,202.6E3,226.1E3,208.6E3,213.2E3,205.3E3,202.6E3,219.4E3,206.5E3,214.3E3,207.0E3,215.7E3,221.5E3,213.3E3,214.6E3,221.8E3,200.5E3,207.9E3,198.6E3,213.8E3,216.7E3,202.0E3,204.4E3,211.0E3,211.4E3,214.9E3,214.8E3,210.0E3,232.8E3,214.6E3,227.3E3,199.1E3,211.4E3,212.9E3,209.4E3,205.7E3,206.2E3,206.9E3,200.2E3,222.3E3,225.8E3,213.4E3,218.5E3,205.9E3,212.4E3,199.0E3,217.8E3,213.5E3,208.7E3,217.5E3,218.0E3,210.5E3,214.7E3,201.2E3,204.4E3,206.4E3,196.6E3,217.0E3,200.3E3,206.8E3,192.3E3,199.7E3,220.7E3,216.1E3,212.4E3,206.5E3,225.6E3,219.6E3,215.5E3,213.3E3,206.3E3,202.6E3,223.1E3,203.8E3,207.1E3,213.2E3,203.4E3,206.3E3,207.9E3,213.3E3,202.0E3,208.1E3,214.9E3,228.5E3,210.0E3,191.4E3,216.7E3,206.8E3,222.0E3,205.0E3,200.0E3,215.5E3,214.5E3,222.3E3,203.5E3,196.6E3,213.5E3,215.1E3,195.4E3,223.2E3,208.9E3,199.7E3,209.3E3,201.8E3,217.5E3,199.7E3,209.4E3,209.5E3,215.1E3,203.1E3,207.1E3,208.8E3,202.0E3,215.7E3,212.2E3,205.6E3,197.8E3,193.2E3,209.8E3,217.2E3,212.2E3,195.9E3,213.3E3,207.3E3,204.9E3,206.2E3,216.1E3,216.1E3,207.8E3,215.9E3,217.6E3,203.9E3,214.2E3,197.7E3,210.9E3,195.0E3,206.9E3,214.6E3,208.9E3,209.4E3,209.5E3,204.2E3,210.4E3,202.8E3,214.4E3,211.2E3,217.6E3,224.6E3,204.3E3,203.3E3,202.2E3,199.0E3,209.1E3,202.9E3,213.9E3,204.8E3,191.7E3,217.1E3,198.4E3,216.6E3,211.8E3,213.1E3,209.9E3,214.6E3,203.6E3,202.9E3,217.5E3,198.1E3,215.3E3,217.6E3
7.000,242.5E3,245.7E3,252.0E3,233.2E3,245.7E3,245.7E3,232.2E3,249.9E3,245.1E3,221.8E3,240.0E3,233.4E3,240.1E3,235.6E3,256.4E3,244.0E3,236.7E3,224.0E3,247.7E3,238.5E3,230.2E3,248.7E3,229.5E3,239.5E3,265.4E3,250.0E3,249.6E3,239.0E3,232.4E3,243.5E3,233.9E3,232.3E3,259.1E3,238.9E3,244.4E3,235.2E3,232.1E3,251.5E3,236.7E3,245.6E3,237.3E3,247.4E3,254.2E3,244.3E3,245.9E3,254.8E3,229.5E3,238.0E3,227.6E3,245.1E3,248.6E3,231.3E3,234.2E3,241.8E3,242.4E3,246.1E3,246.1E3,240.8E3,267.3E3,246.0E3,260.8E3,227.8E3,242.2E3,243.9E3,240.1E3,235.4E3,236.1E3,237.2E3,229.2E3,255.0E3,258.7E3,244.7E3,250.6E3,235.8E3,243.6E3,227.9E3,249.8E3,244.6E3,238.9E3,249.4E3,249.4E3,241.4E3,246.1E3,230.6E3,234.5E3,236.3E3,225.2E3,249.0E3,229.5E3,237.2E3,220.0E3,228.7E3,253.2E3,247.7E3,243.3E3,236.4E3,259.0E3,251.8E3,246.9E3,244.5E3,236.5E3,232.1E3,255.8E3,233.4E3,237.3E3,244.1E3,232.9E3,236.5E3,238.2E3,244.6E3,231.7E3,238.3E3,246.3E3,262.4E3,240.6E3,219.1E3,248.7E3,236.9E3,254.8E3,234.6E3,229.1E3,246.9E3,245.7E3,254.9E3,232.7E3,225.0E3,244.7E3,246.3E3,223.5E3,255.9E3,239.7E3,228.7E3,239.9E3,231.0E3,249.1E3,228.6E3,240.0E3,240.1E3,246.5E3,232.6E3,237.3E3,239.3E3,231.4E3,247.2E3,243.2E3,235.5E3,226.6E3,221.3E3,240.6E3,248.7E3,243.0E3,224.0E3,244.6E3,237.5E3,234.7E3,236.2E3,247.6E3,247.7E3,238.2E3,247.6E3,249.7E3,233.8E3,245.5E3,226.2E3,241.9E3,223.1E3,237.2E3,246.2E3,239.5E3,240.1E3,240.3E3,233.7E3,241.1E3,232.2E3,245.9E3,242.0E3,249.3E3,257.4E3,234.1E3,232.8E3,231.3E3,228.1E3,239.4E3,232.3E3,245.1E3,234.6E3,219.6E3,249.1E3,227.0E3,248.3E3,242.8E3,244.5E3,240.5E3,246.0E3,233.2E3,232.2E3,249.4E3,227.0E3,246.6E3,249.3E3
8.000,275.5E3,279.1E3,286.4E3,264.7E3,279.4E3,279.0E3,263.7E3,284.0E3,278.7E3,251.5E3,272.7E3,264.8E3,272.7E3,267.5E3,291.7E3,277.3E3,268.7E3,254.2E3,281.8E3,270.6E3,261.5E3,282.8E3,260.6E3,271.7E3,302.3E3,284.1E3,283.9E3,271.3E3,263.8E3,276.7E3,265.7E3,263.8E3,294.5E3,271.3E3,277.7E3,267.1E3,263.6E3,285.8E3,268.8E3,279.1E3,269.6E3,281.3E3,289.2E3,277.3E3,279.4E3,290.0E3,260.3E3,270.1E3,258.4E3,278.6E3,282.6E3,262.5E3,265.9E3,274.7E3,275.4E3,279.5E3,279.7E3,273.7E3,304.2E3,279.5E3,296.6E3,258.4E3,275.1E3,277.1E3,272.9E3,267.2E3,268.0E3,269.5E3,260.1E3,289.9E3,293.9E3,278.1E3,285.0E3,267.8E3,276.8E3,258.6E3,284.0E3,277.8E3,271.0E3,283.6E3,283.0E3,274.4E3,279.6E3,261.9E3,266.5E3,268.3E3,255.6E3,283.2E3,260.5E3,269.7E3,249.4E3,259.6E3,287.9E3,281.5E3,276.3E3,268.3E3,294.8E3,286.2E3,280.4E3,277.9E3,268.7E3,263.5E3,290.9E3,264.9E3,269.5E3,277.1E3,264.4E3,268.6E3,270.5E3,277.9E3,263.4E3,270.5E3,279.8E3,298.8E3,273.2E3,248.5E3,282.8E3,268.9E3,289.9E3,266.0E3,260.0E3,280.4E3,279.1E3,289.9E3,263.8E3,255.1E3,278.1E3,279.6E3,253.3E3,290.9E3,272.5E3,259.5E3,272.4E3,262.1E3,283.0E3,259.3E3,272.7E3,272.7E3,280.1E3,263.9E3,269.4E3,271.8E3,262.8E3,280.9E3,276.2E3,267.5E3,257.2E3,251.0E3,273.4E3,282.4E3,275.9E3,253.8E3,278.1E3,269.7E3,266.4E3,268.1E3,281.2E3,281.5E3,270.7E3,281.5E3,283.9E3,265.6E3,279.0E3,256.4E3,274.9E3,253.1E3,269.5E3,279.8E3,272.1E3,272.9E3,273.2E3,265.1E3,273.9E3,263.5E3,279.5E3,274.9E3,283.2E3,292.5E3,265.8E3,264.1E3,262.4E3,259.1E3,271.6E3,263.6E3,278.5E3,266.3E3,249.2E3,283.2E3,257.4E3,282.2E3,275.9E3,278.0E3,273.1E3,279.6E3,264.7E3,263.3E3,283.5E3,257.6E3,279.9E3,283.1E3
9.000,306.0E3,310.0E3,318.3E3,293.7E3,310.6E3,309.8E3,292.6E3,315.5E3,309.7E3,278.8E3,302.9E3,293.7E3,302.8E3,296.8E3,324.4E3,308.1E3,298.3E3,282.0E3,313.3E3,300.1E3,290.3E3,314.3E3,289.1E3,301.4E3,336.7E3,315.6E3,315.6E3,301.0E3,292.6E3,307.4E3,295.0E3,292.9E3,327.2E3,301.1E3,308.5E3,296.5E3,292.5E3,317.6E3,298.4E3,310.1E3,299.4E3,312.6E3,321.6E3,307.8E3,310.4E3,322.8E3,288.7E3,299.7E3,286.8E3,309.5E3,314.2E3,291.3E3,295.1E3,305.0E3,305.9E3,310.3E3,310.7E3,304.0E3,338.6E3,310.5E3,329.9E3,286.5E3,305.5E3,307.8E3,303.1E3,296.4E3,297.4E3,299.3E3,288.5E3,322.3E3,326.5E3,308.9E3,316.8E3,297.2E3,307.5E3,286.9E3,315.6E3,308.4E3,300.6E3,315.2E3,314.0E3,304.8E3,310.5E3,290.8E3,296.0E3,297.7E3,283.6E3,314.9E3,289.1E3,299.6E3,276.4E3,288.0E3,320.0E3,312.8E3,306.8E3,297.7E3,328.0E3,318.2E3,311.4E3,308.7E3,298.3E3,292.4E3,323.4E3,293.9E3,299.2E3,307.6E3,293.3E3,298.3E3,300.4E3,308.7E3,292.6E3,300.1E3,310.8E3,332.6E3,303.4E3,275.5E3,314.3E3,298.4E3,322.5E3,295.0E3,288.4E3,311.4E3,309.9E3,322.3E3,292.4E3,282.8E3,308.9E3,310.3E3,280.7E3,323.3E3,302.9E3,287.9E3,302.5E3,290.8E3,314.2E3,287.6E3,302.8E3,302.8E3,311.2E3,292.7E3,299.0E3,301.8E3,291.7E3,312.0E3,306.7E3,296.9E3,285.3E3,278.4E3,303.6E3,313.6E3,306.3E3,281.3E3,309.0E3,299.5E3,295.6E3,297.6E3,312.2E3,312.8E3,300.7E3,312.8E3,315.6E3,294.9E3,309.9E3,284.2E3,305.5E3,280.5E3,299.3E3,310.9E3,302.2E3,303.2E3,303.5E3,294.0E3,304.1E3,292.3E3,310.6E3,305.3E3,314.6E3,325.0E3,295.1E3,293.0E3,290.9E3,287.6E3,301.3E3,292.5E3,309.3E3,295.4E3,276.3E3,314.9E3,285.4E3,313.6E3,306.4E3,308.9E3,303.1E3,310.6E3,293.7E3,291.9E3,315.1E3,285.8E3,310.8E3,314.4E3
10.00,338.4E3,342.8E3,352.3E3,324.5E3,343.8E3,342.5E3,323.4E3,349.1E3,342.7E3,307.7E3,335.1E3,324.3E3,334.8E3,328.0E3,359.4E3,340.8E3,329.6E3,311.5E3,346.8E3,331.5E3,320.8E3,347.9E3,319.4E3,332.9E3,373.4E3,349.2E3,349.4E3,332.5E3,323.2E3,340.0E3,326.1E3,323.8E3,362.2E3,332.7E3,341.2E3,327.7E3,323.2E3,351.5E3,329.9E3,343.0E3,331.0E3,346.0E3,356.1E3,340.3E3,343.3E3,357.7E3,318.7E3,331.1E3,316.8E3,342.4E3,347.8E3,321.7E3,326.1E3,337.3E3,338.4E3,343.0E3,343.7E3,336.2E3,375.4E3,343.6E3,365.4E3,316.2E3,337.8E3,340.4E3,335.3E3,327.4E3,328.7E3,331.0E3,318.6E3,356.8E3,361.4E3,341.8E3,350.8E3,328.4E3,340.2E3,316.8E3,349.3E3,340.9E3,332.1E3,348.9E3,347.0E3,337.2E3,343.5E3,321.4E3,327.4E3,329.0E3,313.2E3,348.7E3,319.4E3,331.4E3,304.9E3,318.0E3,354.3E3,346.1E3,339.1E3,329.0E3,363.4E3,352.2E3,344.4E3,341.5E3,329.8E3,323.0E3,358.1E3,324.7E3,330.7E3,340.0E3,323.9E3,329.8E3,332.0E3,341.5E3,323.5E3,331.7E3,343.9E3,368.7E3,335.4E3,304.0E3,347.9E3,329.7E3,357.2E3,325.8E3,318.6E3,344.4E3,342.8E3,356.8E3,322.7E3,312.1E3,341.8E3,343.0E3,309.6E3,357.8E3,335.1E3,318.0E3,334.5E3,321.1E3,347.5E3,317.5E3,334.9E3,334.8E3,344.3E3,323.3E3,330.5E3,333.7E3,322.3E3,345.2E3,339.1E3,328.1E3,315.1E3,307.3E3,335.8E3,346.8E3,338.6E3,310.3E3,342.0E3,331.0E3,326.6E3,328.8E3,345.3E3,346.1E3,332.5E3,346.1E3,349.4E3,325.9E3,342.8E3,313.6E3,337.9E3,309.6E3,330.9E3,344.1E3,334.1E3,335.4E3,335.7E3,324.7E3,336.2E3,322.9E3,343.8E3,337.7E3,348.0E3,359.8E3,326.1E3,323.6E3,321.2E3,317.8E3,332.8E3,323.1E3,342.0E3,326.4E3,305.0E3,348.6E3,315.0E3,347.0E3,339.0E3,341.8E3,335.1E3,343.6E3,324.4E3,322.3E3,348.7E3,315.7E3,343.6E3,347.7E3
11.00,370.2E3,375.1E3,385.8E3,354.6E3,376.4E3,374.7E3,353.5E3,382.3E3,375.3E3,335.9E3,366.6E3,354.3E3,366.1E3,358.5E3,393.8E3,372.9E3,360.4E3,340.2E3,379.8E3,362.3E3,350.7E3,381.0E3,349.1E3,363.7E3,409.8E3,382.2E3,382.7E3,363.5E3,353.2E3,372.1E3,356.6E3,354.0E3,396.7E3,363.8E3,373.4E3,358.3E3,353.3E3,384.8E3,360.7E3,375.4E3,362.0E3,378.8E3,390.2E3,372.2E3,375.7E3,392.2E3,348.1E3,361.8E3,346.1E3,374.8E3,380.8E3,351.6E3,356.5E3,368.9E3,370.3E3,375.2E3,376.1E3,367.9E3,411.8E3,376.0E3,400.5E3,345.3E3,369.6E3,372.4E3,366.8E3,357.8E3,359.2E3,362.1E3,348.0E3,390.8E3,395.7E3,374.1E3,384.2E3,359.1E3,372.3E3,346.1E3,382.6E3,372.9E3,362.9E3,382.1E3,379.4E3,369.0E3,375.9E3,351.3E3,358.2E3,359.7E3,342.1E3,381.9E3,349.1E3,362.6E3,332.7E3,347.5E3,388.1E3,378.9E3,370.9E3,359.6E3,398.4E3,385.7E3,376.8E3,373.8E3,360.6E3,353.1E3,392.3E3,354.9E3,361.5E3,371.9E3,354.0E3,360.6E3,363.1E3,373.7E3,353.8E3,362.6E3,376.3E3,404.4E3,366.9E3,331.9E3,381.0E3,360.4E3,391.5E3,355.9E3,348.1E3,376.8E3,375.0E3,390.9E3,352.4E3,340.7E3,374.0E3,375.1E3,337.9E3,391.9E3,366.8E3,347.4E3,365.8E3,350.8E3,380.3E3,346.7E3,366.4E3,366.1E3,376.8E3,353.3E3,361.3E3,365.0E3,352.2E3,377.8E3,371.0E3,358.7E3,344.2E3,335.5E3,367.4E3,379.4E3,370.3E3,338.6E3,374.3E3,362.0E3,356.9E3,359.4E3,377.8E3,378.8E3,363.7E3,378.9E3,382.6E3,356.4E3,375.2E3,342.4E3,369.8E3,338.0E3,362.0E3,376.6E3,365.5E3,367.0E3,367.3E3,354.8E3,367.7E3,352.8E3,376.3E3,369.4E3,380.9E3,394.0E3,356.5E3,353.6E3,350.8E3,347.4E3,363.7E3,353.0E3,374.2E3,356.7E3,333.1E3,381.8E3,344.0E3,379.9E3,370.9E3,374.2E3,366.5E3,376.1E3,354.6E3,352.0E3,381.8E3,344.9E3,375.8E3,380.4E3
12.00,404.0E3,409.5E3,421.5E3,386.6E3,411.2E3,408.9E3,385.4E3,417.5E3,409.9E3,365.7E3,400.1E3,386.1E3,399.5E3,390.8E3,430.6E3,407.1E3,393.0E3,370.6E3,415.0E3,394.9E3,382.4E3,416.2E3,380.5E3,396.5E3,448.6E3,417.4E3,418.1E3,396.3E3,385.0E3,406.2E3,388.9E3,386.0E3,433.6E3,396.7E3,407.7E3,390.7E3,385.2E3,420.4E3,393.4E3,409.9E3,394.9E3,413.7E3,426.5E3,406.1E3,410.1E3,429.0E3,379.2E3,394.5E3,377.2E3,409.2E3,416.0E3,383.2E3,388.8E3,402.6E3,404.2E3,409.5E3,410.6E3,401.5E3,450.7E3,410.6E3,437.9E3,376.1E3,403.3E3,406.5E3,400.4E3,390.0E3,391.7E3,395.1E3,379.2E3,427.2E3,432.4E3,408.4E3,419.9E3,391.6E3,406.5E3,377.1E3,418.0E3,406.9E3,395.7E3,417.3E3,413.9E3,402.7E3,410.3E3,383.0E3,390.8E3,392.2E3,372.7E3,417.3E3,380.5E3,395.8E3,362.0E3,378.7E3,424.1E3,413.8E3,404.7E3,392.1E3,435.8E3,421.5E3,411.3E3,408.0E3,393.4E3,384.9E3,428.8E3,386.9E3,394.3E3,405.8E3,385.8E3,393.4E3,396.1E3,408.0E3,386.0E3,395.5E3,410.9E3,442.5E3,400.4E3,361.3E3,416.2E3,393.0E3,428.0E3,387.9E3,379.4E3,411.3E3,409.4E3,427.3E3,383.9E3,370.9E3,408.4E3,409.3E3,367.8E3,428.2E3,400.5E3,378.5E3,399.2E3,382.3E3,415.1E3,377.7E3,399.8E3,399.5E3,411.4E3,385.0E3,394.1E3,398.2E3,384.1E3,412.5E3,404.8E3,391.2E3,375.0E3,365.4E3,400.9E3,414.1E3,404.0E3,368.5E3,408.8E3,394.9E3,389.1E3,391.9E3,412.3E3,413.7E3,396.9E3,413.9E3,418.1E3,388.7E3,409.6E3,372.9E3,403.8E3,368.0E3,395.0E3,411.3E3,398.8E3,400.6E3,401.0E3,386.6E3,401.2E3,384.6E3,411.0E3,403.1E3,416.0E3,430.5E3,388.8E3,385.3E3,382.2E3,378.7E3,396.5E3,384.8E3,408.4E3,388.8E3,362.7E3,417.2E3,374.6E3,414.9E3,404.9E3,408.6E3,399.8E3,410.7E3,386.5E3,383.4E3,417.1E3,375.8E3,410.1E3,415.3E3
13.00,433.9E3,439.9E3,453.0E3,414.8E3,442.0E3,439.0E3,413.6E3,448.8E3,440.5E3,391.9E3,429.8E3,414.1E3,428.9E3,419.4E3,463.2E3,437.3E3,421.8E3,397.3E3,446.1E3,423.7E3,410.3E3,447.4E3,408.2E3,425.4E3,483.0E3,448.4E3,449.5E3,425.3E3,413.0E3,436.4E3,417.4E3,414.2E3,466.2E3,425.8E3,437.9E3,419.4E3,413.3E3,451.8E3,422.2E3,440.4E3,423.8E3,444.5E3,458.7E3,436.0E3,440.5E3,461.7E3,406.6E3,423.2E3,404.6E3,439.7E3,447.1E3,411.2E3,417.2E3,432.3E3,434.1E3,439.7E3,441.1E3,431.1E3,485.3E3,441.2E3,471.1E3,403.2E3,433.1E3,436.5E3,430.0E3,418.4E3,420.3E3,424.2E3,406.7E3,459.3E3,464.8E3,438.8E3,451.5E3,420.2E3,436.6E3,404.4E3,449.3E3,436.9E3,424.6E3,448.5E3,444.3E3,432.6E3,440.7E3,411.0E3,419.6E3,420.9E3,399.7E3,448.6E3,408.3E3,425.1E3,387.8E3,406.1E3,456.0E3,444.6E3,434.4E3,420.7E3,468.9E3,453.1E3,441.8E3,438.3E3,422.3E3,412.9E3,461.1E3,415.2E3,423.2E3,435.8E3,413.8E3,422.3E3,425.2E3,438.3E3,414.4E3,424.4E3,441.4E3,476.2E3,429.9E3,387.1E3,447.3E3,421.7E3,460.4E3,416.1E3,406.9E3,441.8E3,439.7E3,459.5E3,411.6E3,397.5E3,438.8E3,439.4E3,394.1E3,460.4E3,430.3E3,406.0E3,428.6E3,410.0E3,446.0E3,405.0E3,429.3E3,428.9E3,442.0E3,412.9E3,422.9E3,427.5E3,412.1E3,443.2E3,434.7E3,419.8E3,402.1E3,391.6E3,430.5E3,444.8E3,433.9E3,394.9E3,439.2E3,424.0E3,417.5E3,420.6E3,442.9E3,444.5E3,426.2E3,444.8E3,449.5E3,417.2E3,440.1E3,399.7E3,433.7E3,394.4E3,424.1E3,441.9E3,428.2E3,430.3E3,430.7E3,414.7E3,430.7E3,412.5E3,441.6E3,432.9E3,447.0E3,462.7E3,417.2E3,413.3E3,409.8E3,406.3E3,425.5E3,412.8E3,438.7E3,417.2E3,388.7E3,448.5E3,401.6E3,445.8E3,434.9E3,438.9E3,429.2E3,441.3E3,414.6E3,411.1E3,448.3E3,403.0E3,440.3E3,446.1E3
14.00,468.8E3,475.2E3,489.7E3,447.5E3,477.9E3,474.0E3,446.3E3,485.2E3,476.2E3,422.2E3,464.3E3,446.6E3,463.1E3,452.5E3,501.2E3,472.4E3,455.2E3,428.3E3,482.3E3,457.1E3,442.7E3,483.7E3,440.3E3,458.9E3,523.1E3,484.6E3,486.0E3,458.9E3,445.5E3,471.6E3,450.6E3,447.0E3,504.2E3,459.6E3,473.1E3,452.6E3,445.9E3,488.5E3,455.7E3,475.8E3,457.5E3,480.4E3,496.1E3,470.9E3,475.9E3,499.8E3,438.4E3,456.6E3,436.4E3,475.1E3,483.2E3,443.6E3,450.2E3,466.9E3,468.9E3,474.9E3,476.6E3,465.5E3,525.5E3,476.8E3,509.6E3,434.6E3,467.8E3,471.5E3,464.5E3,451.4E3,453.6E3,458.0E3,438.6E3,496.7E3,502.6E3,474.1E3,488.3E3,453.4E3,471.7E3,436.2E3,485.9E3,471.7E3,458.1E3,484.6E3,479.7E3,467.3E3,476.1E3,443.5E3,453.1E3,454.3E3,431.0E3,485.1E3,440.5E3,459.1E3,417.7E3,438.0E3,493.2E3,480.5E3,469.0E3,454.0E3,507.5E3,490.0E3,477.3E3,473.5E3,455.7E3,445.5E3,498.8E3,448.1E3,456.7E3,470.6E3,446.4E3,455.8E3,459.1E3,473.5E3,447.3E3,458.1E3,476.9E3,515.4E3,464.2E3,417.0E3,483.5E3,455.1E3,498.1E3,448.9E3,438.9E3,477.3E3,475.1E3,497.1E3,443.8E3,428.4E3,474.1E3,474.5E3,424.5E3,497.8E3,464.9E3,437.8E3,462.8E3,442.2E3,481.8E3,436.6E3,463.6E3,463.1E3,477.6E3,445.4E3,456.5E3,461.6E3,444.6E3,479.0E3,469.4E3,453.0E3,433.5E3,422.0E3,464.8E3,480.5E3,468.6E3,425.4E3,474.7E3,457.8E3,450.4E3,453.9E3,478.5E3,480.4E3,460.3E3,480.8E3,486.0E3,450.3E3,475.6E3,430.8E3,468.5E3,425.0E3,458.0E3,477.4E3,462.4E3,465.0E3,465.3E3,447.3E3,465.0E3,445.0E3,477.1E3,467.5E3,483.2E3,500.3E3,450.3E3,445.8E3,441.9E3,438.3E3,459.3E3,445.3E3,473.9E3,450.1E3,418.9E3,484.9E3,432.9E3,481.9E3,469.8E3,474.3E3,463.4E3,476.9E3,447.3E3,443.2E3,484.6E3,434.7E3,475.5E3,481.9E3
15.00,498.8E3,505.8E3,521.4E3,475.8E3,508.9E3,504.2E3,474.6E3,516.6E3,507.1E3,448.4E3,494.1E3,474.7E3,492.6E3,481.0E3,534.0E3,502.6E3,484.0E3,454.9E3,513.5E3,485.9E3,470.6E3,515.1E3,468.1E3,487.8E3,557.6E3,515.8E3,517.4E3,487.8E3,473.5E3,502.1E3,479.2E3,475.1E3,537.0E3,488.7E3,503.5E3,481.4E3,474.0E3,520.2E3,484.5E3,506.5E3,486.5E3,511.3E3,528.3E3,500.9E3,506.3E3,532.8E3,465.9E3,485.3E3,463.7E3,505.6E3,514.3E3,471.6E3,478.6E3,496.6E3,498.8E3,505.2E3,507.3E3,495.1E3,560.2E3,507.5E3,542.7E3,461.7E3,497.8E3,501.7E3,494.3E3,479.9E3,482.2E3,487.1E3,466.0E3,528.9E3,535.2E3,504.6E3,520.1E3,482.1E3,501.9E3,463.5E3,517.5E3,501.7E3,487.0E3,515.6E3,510.2E3,497.2E3,506.5E3,471.5E3,482.0E3,483.1E3,457.9E3,516.5E3,468.2E3,488.4E3,443.3E3,465.4E3,525.3E3,511.5E3,498.8E3,482.8E3,540.8E3,521.9E3,507.8E3,503.8E3,484.5E3,473.6E3,531.3E3,476.5E3,485.5E3,500.8E3,474.4E3,484.7E3,488.2E3,503.9E3,475.7E3,487.2E3,507.6E3,549.1E3,493.8E3,442.7E3,514.6E3,483.9E3,530.5E3,477.2E3,466.5E3,507.9E3,505.6E3,529.6E3,471.4E3,454.9E3,504.7E3,504.8E3,450.8E3,530.1E3,494.8E3,465.3E3,492.2E3,469.9E3,512.7E3,463.9E3,493.2E3,492.6E3,508.3E3,473.3E3,485.5E3,490.9E3,472.7E3,509.8E3,499.3E3,481.6E3,460.5E3,448.2E3,494.4E3,511.2E3,498.5E3,451.7E3,505.2E3,487.0E3,478.7E3,482.7E3,509.1E3,511.2E3,489.7E3,512.0E3,517.6E3,478.9E3,506.2E3,457.7E3,498.6E3,451.3E3,487.3E3,508.0E3,491.8E3,494.9E3,495.2E3,475.4E3,494.4E3,473.0E3,507.8E3,497.3E3,514.4E3,532.6E3,478.7E3,473.7E3,469.5E3,465.9E3,488.4E3,473.4E3,504.2E3,478.5E3,444.9E3,516.4E3,459.8E3,512.9E3,499.8E3,504.7E3,492.9E3,507.7E3,475.4E3,470.9E3,516.0E3,461.9E3,505.8E3,512.7E3
16.00,533.9E3,541.4E3,558.2E3,508.7E3,545.2E3,539.2E3,507.6E3,553.3E3,543.1E3,478.8E3,528.9E3,507.4E3,527.1E3,514.2E3,572.2E3,537.8E3,517.5E3,485.9E3,549.9E3,519.5E3,503.0E3,551.8E3,500.4E3,521.3E3,597.5E3,552.0E3,554.0E3,521.4E3,506.2E3,537.7E3,512.7E3,507.9E3,575.2E3,522.7E3,538.9E3,514.9E3,506.7E3,557.1E3,518.1E3,542.2E3,520.1E3,547.3E3,565.7E3,536.0E3,541.7E3,571.3E3,497.9E3,518.6E3,495.6E3,541.1E3,550.4E3,504.4E3,511.6E3,531.3E3,533.7E3,540.4E3,542.9E3,529.6E3,600.4E3,543.4E3,581.1E3,493.3E3,532.7E3,536.8E3,529.0E3,513.0E3,515.6E3,521.0E3,498.1E3,566.3E3,573.1E3,540.1E3,557.1E3,515.4E3,537.0E3,495.4E3,554.3E3,536.5E3,520.7E3,551.5E3,545.7E3,532.0E3,541.9E3,504.1E3,515.7E3,516.7E3,489.3E3,553.0E3,500.7E3,522.6E3,473.2E3,497.4E3,562.6E3,547.6E3,533.4E3,516.3E3,579.4E3,559.1E3,543.3E3,539.0E3,518.0E3,506.4E3,569.1E3,509.7E3,519.0E3,535.9E3,507.0E3,518.3E3,522.1E3,539.4E3,508.8E3,521.0E3,543.4E3,588.0E3,528.3E3,472.7E3,550.8E3,517.4E3,568.2E3,510.2E3,498.6E3,543.6E3,541.2E3,567.4E3,503.7E3,485.9E3,540.4E3,540.0E3,481.4E3,567.7E3,529.7E3,497.3E3,526.5E3,502.2E3,548.7E3,495.7E3,527.7E3,526.9E3,544.1E3,505.8E3,519.3E3,525.0E3,505.5E3,545.8E3,534.1E3,515.0E3,492.0E3,478.7E3,528.7E3,547.0E3,533.5E3,482.3E3,540.8E3,521.0E3,511.7E3,516.2E3,544.9E3,547.2E3,524.0E3,548.4E3,554.5E3,512.2E3,541.9E3,489.0E3,533.6E3,482.1E3,521.4E3,543.6E3,526.0E3,529.9E3,530.0E3,508.2E3,528.7E3,505.7E3,543.4E3,531.9E3,551.0E3,570.1E3,511.9E3,506.3E3,501.7E3,498.1E3,522.5E3,506.2E3,539.5E3,511.5E3,475.2E3,553.1E3,491.3E3,549.1E3,534.8E3,540.0E3,527.2E3,543.6E3,508.1E3,503.0E3,552.4E3,493.7E3,541.1E3,548.5E3
17.00,563.2E3,571.2E3,588.7E3,536.3E3,575.5E3,568.3E3,535.2E3,583.8E3,573.3E3,504.3E3,558.0E3,534.8E3,555.8E3,541.9E3,604.0E3,567.1E3,545.4E3,511.7E3,580.2E3,547.5E3,530.1E3,582.3E3,527.5E3,549.3E3,630.3E3,582.2E3,584.5E3,549.4E3,533.6E3,567.4E3,540.7E3,535.3E3,606.8E3,551.0E3,568.4E3,542.9E3,534.0E3,587.8E3,546.2E3,572.0E3,548.2E3,577.1E3,596.6E3,565.4E3,571.2E3,603.4E3,524.7E3,546.3E3,522.3E3,570.6E3,580.3E3,531.9E3,539.2E3,560.2E3,562.7E3,569.7E3,572.6E3,558.2E3,633.5E3,573.4E3,612.6E3,519.7E3,561.9E3,566.1E3,558.1E3,540.8E3,543.5E3,549.3E3,524.9E3,597.4E3,604.6E3,569.7E3,587.9E3,543.2E3,566.2E3,522.2E3,585.1E3,565.5E3,548.7E3,581.2E3,575.2E3,561.1E3,571.4E3,531.4E3,543.8E3,544.8E3,515.7E3,583.3E3,527.8E3,551.2E3,498.2E3,524.1E3,593.6E3,577.6E3,562.2E3,544.4E3,611.4E3,590.1E3,572.8E3,568.3E3,545.9E3,533.8E3,600.5E3,537.6E3,546.9E3,565.4E3,534.2E3,546.4E3,550.4E3,569.0E3,536.5E3,549.3E3,573.2E3,620.1E3,557.1E3,497.7E3,580.8E3,545.4E3,599.4E3,537.9E3,525.5E3,573.4E3,571.0E3,598.9E3,530.7E3,511.8E3,570.1E3,569.4E3,507.0E3,598.8E3,558.9E3,524.1E3,555.1E3,529.3E3,578.6E3,522.4E3,556.4E3,555.5E3,574.0E3,532.9E3,547.7E3,553.4E3,532.9E3,575.7E3,563.1E3,542.8E3,518.3E3,504.1E3,557.2E3,576.7E3,562.8E3,507.9E3,570.4E3,549.6E3,539.2E3,544.3E3,574.6E3,577.1E3,552.6E3,578.8E3,585.2E3,540.1E3,571.8E3,515.3E3,562.7E3,507.8E3,550.0E3,573.1E3,554.5E3,559.3E3,559.1E3,535.5E3,557.1E3,533.0E3,573.0E3,560.8E3,581.5E3,601.1E3,539.5E3,533.5E3,528.7E3,525.0E3,551.0E3,533.7E3,568.9E3,539.2E3,500.6E3,583.7E3,517.6E3,579.3E3,564.0E3,569.4E3,555.8E3,573.6E3,535.5E3,529.8E3,582.8E3,520.2E3,570.4E3,578.3E3
18.00,597.4E3,605.9E3,624.1E3,568.5E3,610.9E3,602.0E3,567.6E3,619.4E3,608.5E3,534.2E3,592.1E3,566.7E3,589.3E3,574.1E3,640.8E3,601.1E3,578.0E3,541.9E3,615.3E3,580.1E3,561.7E3,617.9E3,559.1E3,581.8E3,667.8E3,617.0E3,619.8E3,581.9E3,565.6E3,602.3E3,573.5E3,567.2E3,643.3E3,584.0E3,602.6E3,575.8E3,565.9E3,623.5E3,578.8E3,606.7E3,580.7E3,611.6E3,632.3E3,599.5E3,605.3E3,640.6E3,556.0E3,578.5E3,553.6E3,604.9E3,614.8E3,564.1E3,571.3E3,593.9E3,596.3E3,603.8E3,607.1E3,591.4E3,671.5E3,608.4E3,648.8E3,550.6E3,596.0E3,600.1E3,591.9E3,573.1E3,575.9E3,582.3E3,556.2E3,633.1E3,640.9E3,604.2E3,623.8E3,575.6E3,600.0E3,553.6E3,621.0E3,599.0E3,581.5E3,615.3E3,609.4E3,594.9E3,605.5E3,563.2E3,576.7E3,577.6E3,546.5E3,618.4E3,559.7E3,584.4E3,527.4E3,555.3E3,629.5E3,612.6E3,595.6E3,577.3E3,648.3E3,626.1E3,607.0E3,602.2E3,578.2E3,565.8E3,636.8E3,570.4E3,579.3E3,599.7E3,566.0E3,579.0E3,583.2E3,603.4E3,568.8E3,582.3E3,607.9E3,656.6E3,590.6E3,527.0E3,615.6E3,578.1E3,635.4E3,570.2E3,557.0E3,608.0E3,605.7E3,635.5E3,562.2E3,542.0E3,604.9E3,603.6E3,537.0E3,634.8E3,592.9E3,555.4E3,588.4E3,560.9E3,613.3E3,553.6E3,589.8E3,588.8E3,608.6E3,564.6E3,580.8E3,586.5E3,565.0E3,610.6E3,596.8E3,575.2E3,549.0E3,534.0E3,590.2E3,611.1E3,597.0E3,538.0E3,604.8E3,582.9E3,571.2E3,577.1E3,609.2E3,611.8E3,586.0E3,614.2E3,620.9E3,572.6E3,606.5E3,546.2E3,596.6E3,538.1E3,583.5E3,607.3E3,587.6E3,593.6E3,593.1E3,567.5E3,590.1E3,565.1E3,607.3E3,594.4E3,617.1E3,636.7E3,571.8E3,565.2E3,560.2E3,556.5E3,584.5E3,565.9E3,603.1E3,571.4E3,530.3E3,619.2E3,548.4E3,614.2E3,597.9E3,603.4E3,589.2E3,608.5E3,567.3E3,561.0E3,618.0E3,551.4E3,604.4E3,612.7E3
19.00,628.8E3,637.7E3,656.0E3,598.2E3,643.3E3,632.6E3,597.5E3,651.8E3,640.7E3,561.9E3,623.3E3,596.2E3,619.9E3,603.6E3,674.1E3,632.0E3,607.8E3,569.5E3,647.1E3,609.9E3,590.7E3,650.3E3,588.3E3,611.5E3,701.1E3,648.7E3,651.7E3,611.4E3,595.0E3,634.2E3,603.7E3,596.3E3,676.2E3,614.1E3,633.9E3,605.9E3,595.2E3,656.0E3,608.7E3,638.3E3,610.4E3,642.9E3,664.4E3,630.8E3,636.3E3,674.3E3,585.0E3,607.7E3,582.4E3,636.0E3,646.0E3,593.9E3,600.7E3,624.5E3,626.9E3,634.7E3,638.5E3,621.5E3,705.3E3,640.3E3,681.1E3,579.2E3,627.1E3,631.1E3,623.0E3,602.9E3,605.7E3,612.3E3,585.1E3,665.4E3,673.6E3,635.5E3,656.3E3,605.2E3,630.8E3,582.5E3,653.7E3,629.5E3,611.4E3,645.8E3,640.4E3,625.8E3,636.5E3,592.4E3,606.8E3,607.8E3,574.9E3,650.2E3,589.1E3,614.8E3,554.4E3,584.0E3,662.1E3,644.3E3,625.9E3,607.4E3,681.5E3,658.8E3,638.0E3,633.0E3,607.6E3,595.3E3,669.5E3,600.7E3,608.9E3,631.2E3,595.1E3,608.8E3,613.3E3,634.7E3,598.5E3,612.6E3,639.5E3,689.1E3,621.1E3,554.0E3,647.0E3,608.0E3,667.7E3,600.1E3,585.9E3,639.5E3,637.4E3,668.6E3,591.1E3,570.0E3,636.6E3,634.8E3,564.9E3,667.3E3,624.0E3,584.3E3,618.8E3,590.0E3,644.9E3,582.4E3,620.4E3,619.3E3,640.2E3,593.6E3,611.2E3,616.6E3,594.5E3,642.3E3,627.4E3,604.9E3,577.2E3,561.5E3,620.1E3,642.3E3,628.4E3,565.8E3,636.1E3,613.6E3,600.5E3,607.2E3,640.7E3,643.3E3,616.6E3,646.6E3,653.4E3,602.5E3,638.2E3,574.8E3,627.5E3,566.0E3,614.2E3,638.2E3,617.7E3,625.2E3,624.2E3,596.8E3,620.1E3,594.5E3,638.3E3,625.0E3,649.7E3,668.8E3,601.4E3,594.2E3,589.2E3,585.4E3,615.4E3,595.7E3,634.3E3,601.0E3,557.9E3,651.5E3,576.8E3,646.0E3,628.8E3,634.3E3,619.6E3,640.4E3,596.5E3,589.6E3,650.0E3,580.1E3,635.3E3,643.8E3
20.00,660.8E3,670.0E3,688.1E3,628.6E3,676.3E3,663.4E3,628.3E3,684.6E3,673.4E3,590.4E3,655.3E3,626.4E3,651.1E3,633.6E3,707.5E3,663.2E3,638.2E3,597.9E3,679.3E3,640.3E3,620.3E3,683.2E3,618.4E3,641.7E3,733.7E3,680.5E3,683.9E3,641.4E3,625.2E3,667.0E3,634.7E3,626.0E3,709.2E3,644.9E3,665.6E3,636.9E3,625.1E3,688.8E3,639.1E3,670.4E3,640.5E3,674.4E3,696.4E3,662.7E3,667.5E3,708.3E3,614.8E3,637.4E3,612.0E3,667.5E3,677.1E3,624.7E3,630.6E3,655.6E3,657.9E3,666.0E3,670.3E3,652.0E3,738.7E3,672.8E3,713.0E3,608.6E3,658.9E3,662.4E3,654.6E3,633.3E3,636.1E3,643.0E3,614.9E3,697.6E3,706.4E3,667.3E3,689.2E3,635.3E3,661.8E3,612.4E3,686.9E3,660.2E3,642.0E3,676.2E3,671.8E3,657.2E3,667.7E3,622.4E3,637.5E3,638.7E3,604.2E3,682.1E3,619.3E3,645.8E3,582.2E3,613.4E3,694.8E3,676.4E3,656.7E3,638.4E3,714.5E3,691.8E3,669.2E3,664.1E3,637.4E3,625.5E3,702.4E3,631.9E3,638.9E3,663.4E3,625.0E3,639.1E3,643.8E3,666.6E3,628.9E3,643.5E3,671.6E3,721.1E3,652.2E3,581.9E3,678.5E3,638.6E3,700.0E3,630.7E3,615.7E3,671.5E3,669.7E3,702.0E3,620.7E3,598.8E3,668.9E3,666.4E3,593.6E3,699.9E3,655.8E3,614.1E3,649.7E3,620.0E3,676.7E3,612.1E3,651.4E3,650.2E3,672.2E3,623.2E3,642.4E3,647.2E3,624.9E3,674.5E3,658.4E3,635.1E3,606.2E3,589.8E3,650.3E3,673.7E3,660.4E3,594.5E3,667.8E3,645.0E3,630.4E3,638.1E3,672.5E3,675.1E3,647.8E3,679.6E3,686.2E3,633.1E3,670.4E3,604.4E3,658.8E3,594.9E3,645.6E3,669.3E3,648.3E3,657.6E3,655.9E3,626.9E3,650.3E3,624.8E3,669.6E3,656.0E3,682.8E3,700.7E3,631.6E3,624.0E3,618.9E3,615.1E3,647.2E3,626.3E3,665.8E3,631.3E3,586.4E3,684.1E3,606.0E3,678.1E3,660.1E3,665.5E3,650.6E3,672.7E3,626.3E3,618.9E3,682.3E3,609.7E3,666.6E3,675.1E3
21.00,693.0E3,702.6E3,719.8E3,659.6E3,709.5E3,694.0E3,659.8E3,717.4E3,706.5E3,619.7E3,687.7E3,657.1E3,682.6E3,663.9E3,740.6E3,694.5E3,668.8E3,626.8E3,711.3E3,671.0E3,650.3E3,716.1E3,649.0E3,672.1E3,765.3E3,712.1E3,715.9E3,671.4E3,656.0E3,700.1E3,666.4E3,656.1E3,741.6E3,675.9E3,697.3E3,668.3E3,655.5E3,721.6E3,669.8E3,702.7E3,670.7E3,705.7E3,727.8E3,694.8E3,698.7E3,742.1E3,645.3E3,667.1E3,642.2E3,698.8E3,707.9E3,656.3E3,660.9E3,686.9E3,688.9E3,697.3E3,702.1E3,682.4E3,771.1E3,705.4E3,743.9E3,638.7E3,690.9E3,693.8E3,686.6E3,664.2E3,666.8E3,673.8E3,645.3E3,729.3E3,738.7E3,699.2E3,721.9E3,665.8E3,692.7E3,643.1E3,720.2E3,690.8E3,672.8E3,706.0E3,703.1E3,688.8E3,698.8E3,652.7E3,668.6E3,670.1E3,634.2E3,713.8E3,650.3E3,677.0E3,610.7E3,643.4E3,727.2E3,708.5E3,687.4E3,669.9E3,746.9E3,724.8E3,700.3E3,695.1E3,667.3E3,656.3E3,734.9E3,664.0E3,668.9E3,695.9E3,655.2E3,669.6E3,674.4E3,698.5E3,659.7E3,674.7E3,703.8E3,751.9E3,683.4E3,610.5E3,709.7E3,669.6E3,731.7E3,662.0E3,646.0E3,703.6E3,702.2E3,735.1E3,650.9E3,628.2E3,701.5E3,698.2E3,623.2E3,732.1E3,687.8E3,644.5E3,680.8E3,650.5E3,708.5E3,642.5E3,682.6E3,681.3E3,704.3E3,653.2E3,674.1E3,677.9E3,655.9E3,706.7E3,689.4E3,665.6E3,635.7E3,618.9E3,680.4E3,705.0E3,692.8E3,624.0E3,699.5E3,676.9E3,660.7E3,669.5E3,704.4E3,706.7E3,679.3E3,712.7E3,719.1E3,664.2E3,702.8E3,635.0E3,690.2E3,624.6E3,677.5E3,700.2E3,678.9E3,690.6E3,687.9E3,657.4E3,680.5E3,655.8E3,700.7E3,687.0E3,716.2E3,731.9E3,662.1E3,654.2E3,649.3E3,645.4E3,679.7E3,657.6E3,697.4E3,662.0E3,615.7E3,716.6E3,636.0E3,710.0E3,691.4E3,696.5E3,681.8E3,705.3E3,656.4E3,648.5E3,714.4E3,639.9E3,697.7E3,706.2E3
22.00,725.2E3,735.0E3,750.7E3,690.9E3,742.6E3,724.1E3,691.6E3,749.8E3,739.3E3,649.7E3,720.2E3,688.1E3,714.0E3,694.1E3,772.8E3,725.3E3,699.3E3,655.9E3,742.7E3,701.7E3,680.4E3,748.6E3,680.0E3,702.2E3,795.0E3,743.0E3,747.1E3,701.2E3,687.1E3,733.2E3,698.3E3,686.0E3,773.0E3,706.8E3,728.7E3,700.0E3,686.0E3,753.8E3,700.4E3,734.6E3,700.5E3,736.2E3,758.2E3,726.7E3,729.3E3,775.0E3,676.3E3,696.5E3,672.9E3,729.7E3,737.7E3,688.4E3,691.0E3,717.8E3,719.4E3,728.1E3,733.4E3,712.4E3,801.8E3,737.8E3,773.4E3,669.3E3,722.8E3,724.8E3,718.5E3,695.2E3,697.5E3,704.4E3,676.1E3,760.0E3,770.1E3,730.6E3,754.0E3,696.1E3,723.1E3,674.3E3,753.0E3,720.8E3,703.6E3,734.7E3,733.9E3,720.0E3,729.3E3,683.3E3,699.7E3,701.7E3,664.7E3,744.7E3,681.6E3,708.1E3,639.7E3,673.6E3,758.8E3,740.0E3,717.7E3,701.5E3,778.1E3,757.1E3,730.8E3,725.5E3,696.8E3,687.4E3,766.4E3,696.6E3,698.7E3,728.4E3,685.5E3,700.0E3,704.9E3,730.1E3,690.6E3,705.9E3,735.6E3,781.2E3,714.4E3,639.6E3,740.1E3,700.6E3,762.2E3,693.6E3,676.7E3,735.2E3,734.6E3,767.4E3,681.2E3,658.1E3,733.7E3,729.6E3,653.5E3,763.3E3,719.7E3,675.2E3,711.6E3,681.3E3,739.7E3,673.5E3,713.6E3,712.2E3,735.9E3,683.2E3,706.0E3,708.3E3,687.1E3,738.4E3,720.0E3,696.1E3,665.4E3,648.4E3,710.0E3,735.6E3,725.2E3,654.2E3,730.7E3,709.0E3,690.9E3,701.0E3,735.7E3,737.8E3,710.8E3,745.6E3,751.3E3,695.5E3,734.9E3,666.2E3,721.3E3,654.9E3,709.6E3,730.3E3,709.2E3,723.7E3,719.8E3,688.1E3,710.1E3,687.0E3,731.2E3,717.7E3,749.3E3,762.0E3,692.7E3,684.5E3,680.0E3,675.9E3,712.5E3,689.4E3,728.6E3,692.9E3,645.7E3,748.5E3,666.3E3,741.4E3,722.4E3,726.9E3,712.8E3,737.5E3,686.6E3,678.1E3,745.9E3,670.6E3,728.4E3,736.5E3
23.00,760.7E3,770.5E3,783.8E3,725.9E3,778.9E3,756.6E3,727.5E3,784.9E3,775.3E3,683.8E3,756.1E3,722.8E3,748.5E3,727.4E3,807.2E3,758.8E3,733.0E3,688.5E3,776.6E3,735.6E3,713.8E3,783.9E3,714.9E3,735.4E3,825.9E3,776.3E3,780.8E3,733.7E3,721.9E3,769.8E3,734.1E3,719.2E3,806.5E3,740.9E3,762.9E3,735.3E3,720.0E3,788.6E3,734.1E3,769.4E3,733.3E3,769.1E3,790.4E3,761.9E3,762.3E3,810.4E3,711.2E3,728.6E3,707.4E3,763.1E3,769.6E3,724.7E3,724.4E3,751.7E3,752.6E3,761.6E3,767.4E3,744.9E3,833.7E3,773.3E3,804.2E3,703.9E3,757.9E3,758.6E3,753.7E3,729.8E3,731.4E3,738.1E3,710.8E3,792.6E3,803.4E3,764.8E3,788.7E3,729.6E3,756.0E3,709.7E3,788.7E3,753.3E3,737.6E3,765.1E3,767.2E3,754.3E3,762.3E3,717.3E3,734.2E3,736.8E3,699.2E3,777.8E3,717.0E3,742.4E3,672.7E3,707.4E3,792.7E3,774.2E3,750.6E3,736.8E3,811.1E3,792.1E3,763.7E3,758.4E3,729.1E3,722.1E3,800.1E3,733.5E3,731.4E3,764.3E3,719.3E3,733.3E3,738.3E3,764.6E3,725.0E3,740.5E3,770.3E3,811.5E3,748.3E3,672.7E3,772.7E3,735.0E3,794.6E3,729.0E3,711.2E3,769.7E3,770.1E3,802.2E3,715.1E3,692.0E3,769.1E3,763.9E3,688.0E3,796.7E3,754.7E3,709.9E3,745.5E3,715.8E3,773.6E3,708.5E3,747.6E3,746.1E3,770.3E3,716.6E3,741.6E3,741.6E3,722.2E3,773.0E3,753.4E3,729.8E3,698.8E3,681.9E3,742.1E3,768.6E3,761.0E3,688.5E3,764.6E3,744.7E3,724.3E3,736.1E3,769.9E3,771.4E3,745.5E3,781.6E3,786.3E3,730.3E3,770.0E3,701.9E3,755.1E3,689.5E3,745.2E3,762.7E3,742.3E3,760.6E3,755.1E3,722.4E3,742.3E3,722.1E3,764.0E3,751.1E3,785.6E3,793.9E3,726.6E3,718.1E3,714.4E3,710.1E3,749.4E3,725.1E3,762.7E3,727.2E3,680.1E3,783.1E3,700.7E3,775.4E3,756.1E3,759.8E3,746.9E3,772.7E3,720.1E3,711.1E3,779.9E3,705.3E3,761.7E3,769.2E3
24.00,791.0E3,800.8E3,811.2E3,756.3E3,809.7E3,783.9E3,758.9E3,814.5E3,806.0E3,714.1E3,787.1E3,753.0E3,778.1E3,756.0E3,835.7E3,786.9E3,761.9E3,716.9E3,804.9E3,764.6E3,742.7E3,813.6E3,745.5E3,763.7E3,850.5E3,804.1E3,808.8E3,761.2E3,752.2E3,801.2E3,765.3E3,747.6E3,834.0E3,770.0E3,791.8E3,765.9E3,749.3E3,817.8E3,763.0E3,798.9E3,761.0E3,796.5E3,816.8E3,791.9E3,790.1E3,839.8E3,742.0E3,755.8E3,737.6E3,791.2E3,795.9E3,756.7E3,752.9E3,780.4E3,780.6E3,789.8E3,796.0E3,772.2E3,859.5E3,803.4E3,829.1E3,734.3E3,787.9E3,787.2E3,783.8E3,759.7E3,760.6E3,766.8E3,741.2E3,819.5E3,830.9E3,793.8E3,817.7E3,758.2E3,783.7E3,741.0E3,818.9E3,780.6E3,766.7E3,789.9E3,795.2E3,783.4E3,790.0E3,746.8E3,763.8E3,767.3E3,729.7E3,805.4E3,748.1E3,771.6E3,702.0E3,736.9E3,820.9E3,803.0E3,778.4E3,767.5E3,838.0E3,821.4E3,791.2E3,786.0E3,756.5E3,752.4E3,827.9E3,766.0E3,759.1E3,795.0E3,748.5E3,761.8E3,766.7E3,793.8E3,754.8E3,770.2E3,799.6E3,835.8E3,777.2E3,702.0E3,799.7E3,764.5E3,821.1E3,759.9E3,741.3E3,798.9E3,800.4E3,831.1E3,744.5E3,721.9E3,799.2E3,793.0E3,718.8E3,824.2E3,784.7E3,740.2E3,774.3E3,746.0E3,801.9E3,739.3E3,776.5E3,775.0E3,799.3E3,745.4E3,772.4E3,769.8E3,752.8E3,802.1E3,781.6E3,758.7E3,727.9E3,711.4E3,769.0E3,796.1E3,791.8E3,719.0E3,793.1E3,775.6E3,753.0E3,766.6E3,798.6E3,799.5E3,775.3E3,812.1E3,815.7E3,760.4E3,799.8E3,733.7E3,783.8E3,720.3E3,776.0E3,789.7E3,770.2E3,792.4E3,785.2E3,752.1E3,769.4E3,752.8E3,791.4E3,779.4E3,816.4E3,819.9E3,755.7E3,747.3E3,744.4E3,740.0E3,781.6E3,756.6E3,791.4E3,756.9E3,710.7E3,812.1E3,730.9E3,803.8E3,784.6E3,787.3E3,776.0E3,802.5E3,749.0E3,739.5E3,808.3E3,735.8E3,789.6E3,796.3E3
25.00,823.1E3,832.8E3,839.4E3,789.2E3,842.3E3,812.1E3,793.2E3,845.3E3,838.3E3,747.7E3,820.1E3,785.7E3,809.4E3,786.3E3,864.8E3,816.3E3,792.5E3,747.7E3,834.2E3,795.6E3,773.7E3,844.7E3,778.7E3,793.7E3,874.9E3,832.7E3,837.7E3,790.2E3,785.1E3,834.7E3,799.1E3,777.9E3,862.0E3,801.0E3,822.1E3,798.9E3,780.9E3,848.1E3,793.7E3,829.8E3,790.2E3,824.8E3,843.6E3,823.6E3,818.8E3,870.0E3,775.6E3,784.4E3,770.6E3,820.3E3,822.8E3,791.9E3,783.4E3,810.6E3,809.8E3,819.1E3,825.9E3,800.8E3,885.0E3,835.1E3,854.0E3,767.7E3,819.7E3,817.0E3,815.8E3,791.9E3,791.8E3,797.2E3,774.4E3,846.8E3,859.0E3,824.0E3,847.8E3,788.7E3,812.4E3,775.4E3,850.4E3,808.9E3,797.7E3,815.0E3,824.4E3,814.1E3,818.7E3,778.6E3,795.4E3,800.0E3,763.1E3,833.7E3,782.1E3,802.6E3,734.3E3,768.9E3,849.9E3,832.9E3,807.4E3,800.5E3,865.2E3,851.7E3,819.7E3,814.6E3,785.2E3,785.1E3,856.3E3,801.6E3,788.3E3,827.7E3,779.9E3,792.0E3,796.7E3,824.5E3,786.8E3,801.9E3,830.3E3,859.9E3,807.6E3,734.4E3,827.5E3,796.2E3,848.0E3,793.5E3,774.1E3,829.4E3,832.3E3,860.9E3,776.3E3,754.7E3,831.0E3,823.5E3,753.0E3,852.4E3,816.5E3,773.4E3,804.7E3,778.8E3,831.4E3,773.2E3,807.0E3,805.4E3,829.6E3,776.3E3,805.6E3,799.5E3,786.0E3,832.5E3,811.0E3,789.4E3,759.5E3,744.0E3,796.9E3,824.7E3,824.5E3,752.8E3,822.9E3,808.8E3,783.6E3,799.3E3,828.6E3,828.6E3,806.9E3,844.2E3,846.2E3,792.8E3,831.0E3,769.0E3,813.8E3,754.5E3,809.0E3,817.5E3,799.6E3,826.6E3,817.2E3,784.0E3,797.6E3,786.2E3,819.8E3,809.1E3,848.7E3,846.3E3,786.9E3,778.6E3,777.1E3,772.3E3,816.5E3,790.8E3,821.4E3,788.7E3,744.9E3,842.2E3,764.1E3,833.3E3,814.4E3,815.8E3,806.7E3,833.9E3,779.9E3,770.1E3,837.8E3,769.1E3,818.8E3,824.4E3
26.00,855.8E3,865.0E3,866.9E3,823.4E3,875.1E3,840.0E3,829.1E3,875.9E3,870.9E3,783.8E3,853.9E3,819.8E3,841.2E3,817.2E3,893.2E3,845.6E3,823.7E3,779.8E3,863.1E3,827.1E3,805.5E3,875.7E3,813.5E3,824.0E3,898.0E3,860.9E3,866.1E3,819.3E3,819.3E3,868.8E3,834.2E3,808.9E3,889.1E3,832.4E3,852.4E3,833.1E3,813.5E3,878.2E3,824.9E3,860.8E3,819.5E3,852.6E3,869.5E3,855.8E3,847.3E3,899.6E3,811.1E3,813.1E3,805.3E3,849.3E3,849.0E3,829.0E3,814.4E3,840.9E3,838.9E3,848.4E3,855.6E3,829.1E3,909.3E3,866.9E3,877.6E3,803.0E3,851.8E3,846.9E3,848.3E3,825.0E3,823.6E3,828.0E3,809.3E3,873.2E3,886.2E3,854.3E3,877.5E3,819.7E3,840.9E3,811.8E3,881.8E3,837.0E3,829.3E3,839.3E3,853.3E3,844.9E3,847.1E3,811.4E3,827.7E3,833.8E3,798.4E3,861.4E3,817.8E3,834.0E3,768.9E3,802.2E3,878.2E3,862.6E3,836.4E3,834.6E3,891.5E3,881.7E3,847.9E3,843.0E3,814.0E3,819.1E3,884.0E3,839.2E3,817.7E3,861.0E3,812.2E3,822.5E3,827.0E3,855.1E3,819.7E3,834.2E3,861.0E3,882.6E3,838.3E3,769.0E3,854.7E3,828.6E3,874.0E3,828.5E3,808.4E3,859.9E3,864.5E3,890.1E3,809.3E3,789.5E3,862.9E3,854.2E3,789.8E3,879.9E3,848.6E3,808.2E3,835.3E3,813.1E3,860.7E3,809.1E3,837.7E3,836.2E3,859.9E3,808.1E3,839.9E3,829.4E3,820.6E3,862.8E3,840.4E3,820.7E3,792.5E3,778.6E3,824.7E3,852.8E3,857.9E3,789.1E3,852.5E3,842.9E3,815.0E3,833.0E3,858.5E3,857.5E3,839.0E3,876.4E3,876.5E3,826.3E3,862.4E3,807.0E3,843.9E3,791.1E3,842.9E3,844.9E3,829.1E3,861.7E3,849.6E3,817.1E3,825.7E3,821.0E3,847.7E3,838.8E3,881.3E3,871.7E3,818.8E3,810.9E3,811.1E3,806.1E3,852.9E3,826.8E3,851.5E3,821.5E3,781.7E3,871.9E3,799.2E3,862.6E3,844.2E3,844.1E3,837.7E3,865.3E3,811.6E3,801.5E3,866.8E3,804.3E3,847.7E3,851.9E3
27.00,889.9E3,898.6E3,894.6E3,860.3E3,909.2E3,868.5E3,868.1E3,907.3E3,904.8E3,824.2E3,889.6E3,856.5E3,874.5E3,849.7E3,921.7E3,875.7E3,856.5E3,814.5E3,892.5E3,860.4E3,839.5E3,907.4E3,851.4E3,855.7E3,920.2E3,889.6E3,894.8E3,849.5E3,856.3E3,904.7E3,872.1E3,841.6E3,916.2E3,865.4E3,883.6E3,869.6E3,848.2E3,908.8E3,857.7E3,892.8E3,849.9E3,880.8E3,895.2E3,889.3E3,876.3E3,929.4E3,850.0E3,842.9E3,843.1E3,878.8E3,875.2E3,869.8E3,847.0E3,872.4E3,868.8E3,878.4E3,886.2E3,858.2E3,932.8E3,899.9E3,900.7E3,841.8E3,885.5E3,877.7E3,882.4E3,860.5E3,857.2E3,860.1E3,847.4E3,899.6E3,913.5E3,885.4E3,907.6E3,852.3E3,870.0E3,852.1E3,914.1E3,865.7E3,862.6E3,863.3E3,882.9E3,876.9E3,876.0E3,846.4E3,861.8E3,869.8E3,837.4E3,889.4E3,856.8E3,866.9E3,807.6E3,838.2E3,906.8E3,893.0E3,866.1E3,871.0E3,917.4E3,912.2E3,876.7E3,871.9E3,843.8E3,855.7E3,911.7E3,880.4E3,848.2E3,896.0E3,846.7E3,854.4E3,858.5E3,886.8E3,854.8E3,868.4E3,892.6E3,904.7E3,870.2E3,807.6E3,882.2E3,862.9E3,899.7E3,866.4E3,845.6E3,891.3E3,898.0E3,919.7E3,844.8E3,827.9E3,896.1E3,885.9E3,831.2E3,907.4E3,882.2E3,846.2E3,867.3E3,850.2E3,890.5E3,848.6E3,869.7E3,868.3E3,891.0E3,841.9E3,876.5E3,860.4E3,858.0E3,894.0E3,870.8E3,853.8E3,828.2E3,816.9E3,853.2E3,881.4E3,893.0E3,829.7E3,882.9E3,879.3E3,848.1E3,869.1E3,889.2E3,886.8E3,872.8E3,909.8E3,907.3E3,862.0E3,894.9E3,849.7E3,874.9E3,832.3E3,878.9E3,872.6E3,859.5E3,899.1E3,883.7E3,852.6E3,854.5E3,858.8E3,876.1E3,869.4E3,915.1E3,896.8E3,852.6E3,845.4E3,848.1E3,842.5E3,892.4E3,866.1E3,882.5E3,856.5E3,823.3E3,902.2E3,837.8E3,892.3E3,875.0E3,872.9E3,870.1E3,897.8E3,845.2E3,835.0E3,896.3E3,842.8E3,877.3E3,879.8E3
28.00,922.6E3,930.6E3,920.0E3,896.6E3,941.6E3,894.9E3,907.1E3,936.6E3,936.9E3,866.0E3,924.0E3,892.7E3,906.4E3,881.0E3,947.8E3,903.8E3,888.0E3,849.0E3,919.7E3,892.4E3,872.5E3,937.1E3,889.2E3,886.0E3,939.8E3,916.0E3,921.3E3,878.0E3,892.9E3,939.2E3,909.5E3,873.1E3,940.8E3,897.1E3,913.0E3,905.4E3,882.1E3,937.3E3,889.1E3,923.0E3,878.6E3,906.8E3,918.5E3,921.3E3,903.3E3,956.8E3,889.1E3,871.0E3,880.9E3,906.3E3,899.1E3,911.0E3,878.5E3,902.1E3,896.8E3,906.4E3,914.7E3,885.4E3,953.7E3,931.1E3,921.3E3,881.1E3,917.6E3,906.6E3,915.1E3,895.1E3,889.7E3,890.7E3,885.5E3,923.5E3,938.2E3,914.6E3,935.6E3,883.6E3,897.1E3,892.9E3,944.3E3,892.4E3,894.6E3,885.0E3,910.4E3,907.2E3,902.9E3,880.7E3,894.7E3,905.0E3,876.9E3,915.1E3,895.9E3,898.3E3,847.3E3,873.8E3,933.0E3,921.3E3,894.0E3,906.8E3,940.7E3,940.5E3,903.3E3,898.8E3,872.0E3,891.9E3,937.0E3,922.0E3,877.1E3,929.5E3,880.4E3,884.8E3,888.5E3,916.6E3,889.0E3,901.3E3,922.3E3,924.1E3,900.4E3,847.4E3,907.3E3,896.2E3,922.9E3,903.9E3,882.6E3,920.8E3,929.9E3,946.8E3,879.8E3,866.9E3,927.5E3,915.8E3,874.1E3,932.5E3,914.3E3,884.2E3,897.6E3,887.1E3,918.2E3,888.7E3,900.1E3,898.7E3,920.1E3,874.8E3,912.3E3,889.7E3,895.0E3,923.1E3,899.2E3,885.5E3,863.6E3,856.0E3,879.6E3,907.9E3,926.8E3,871.7E3,911.3E3,914.8E3,880.1E3,904.3E3,917.9E3,914.1E3,905.1E3,941.3E3,936.1E3,896.9E3,925.6E3,893.9E3,904.1E3,874.8E3,913.9E3,898.1E3,888.2E3,935.4E3,916.2E3,887.3E3,881.4E3,896.3E3,902.4E3,898.2E3,947.0E3,919.5E3,885.3E3,879.0E3,884.8E3,878.6E3,931.4E3,905.5E3,911.6E3,890.6E3,866.6E3,930.3E3,876.8E3,920.0E3,903.9E3,899.6E3,901.0E3,928.5E3,877.9E3,867.7E3,923.7E3,881.6E3,905.0E3,905.6E3
29.00,954.0E3,961.1E3,943.3E3,932.7E3,972.4E3,919.5E3,946.3E3,964.1E3,967.5E3,909.7E3,957.5E3,928.8E3,937.1E3,911.2E3,971.7E3,930.2E3,918.5E3,883.5E3,944.9E3,923.4E3,904.9E3,965.1E3,927.3E3,915.0E3,957.3E3,940.6E3,945.8E3,905.2E3,929.4E3,972.6E3,946.7E3,903.7E3,963.3E3,927.5E3,940.8E3,940.7E3,915.4E3,963.9E3,919.4E3,951.5E3,905.9E3,930.9E3,939.6E3,952.0E3,928.5E3,982.1E3,929.0E3,897.8E3,919.1E3,932.1E3,921.0E3,953.0E3,908.8E3,930.3E3,923.2E3,932.7E3,941.5E3,910.9E3,972.3E3,960.8E3,939.7E3,921.3E3,948.4E3,933.9E3,946.6E3,929.2E3,921.2E3,920.1E3,924.1E3,945.4E3,960.9E3,942.2E3,961.7E3,913.9E3,922.5E3,934.8E3,972.7E3,917.4E3,925.6E3,904.6E3,936.3E3,936.0E3,928.1E3,914.5E3,926.7E3,939.7E3,917.3E3,938.8E3,935.4E3,928.5E3,888.8E3,909.4E3,957.2E3,947.8E3,920.3E3,942.0E3,961.8E3,966.8E3,928.1E3,924.0E3,898.7E3,927.9E3,960.2E3,964.2E3,904.6E3,962.0E3,913.5E3,914.0E3,917.2E3,944.8E3,922.5E3,933.3E3,950.3E3,941.4E3,929.3E3,888.8E3,930.5E3,928.6E3,944.1E3,941.5E3,919.8E3,948.6E3,960.3E3,972.0E3,914.6E3,907.0E3,957.5E3,944.1E3,919.4E3,955.6E3,945.1E3,922.7E3,926.6E3,924.1E3,944.2E3,929.7E3,929.0E3,927.9E3,947.6E3,907.0E3,947.6E3,917.6E3,932.1E3,950.6E3,926.1E3,916.3E3,899.1E3,896.3E3,904.5E3,932.5E3,959.5E3,915.6E3,937.9E3,949.5E3,911.2E3,938.9E3,945.0E3,939.6E3,936.3E3,971.2E3,962.9E3,931.2E3,954.8E3,940.4E3,931.7E3,919.5E3,948.2E3,921.7E3,915.4E3,970.8E3,947.6E3,921.7E3,906.6E3,933.9E3,926.8E3,925.5E3,977.3E3,940.1E3,917.1E3,912.1E3,921.7E3,914.6E3,970.5E3,945.2E3,939.1E3,924.0E3,912.5E3,956.5E3,916.6E3,945.8E3,931.2E3,924.5E3,930.6E3,957.6E3,909.8E3,899.8E3,949.1E3,921.1E3,930.9E3,929.4E3
30.00,986.8E3,992.8E3,966.7E3,971.7E3,1.004E6,944.4E3,989.4E3,992.0E3,999.2E3,960.1E3,992.7E3,968.0E3,969.2E3,942.8E3,995.4E3,957.1E3,950.3E3,921.0E3,970.3E3,956.1E3,939.4E3,993.7E3,969.1E3,945.3E3,974.0E3,965.3E3,970.4E3,933.2E3,969.1E3,1.008E6,987.0E3,935.9E3,985.6E3,959.4E3,969.3E3,978.6E3,950.8E3,990.9E3,951.1E3,980.8E3,933.9E3,955.2E3,960.5E3,983.8E3,953.9E3,1.007E6,973.3E3,925.4E3,961.1E3,958.2E3,942.7E3,999.9E3,940.7E3,959.4E3,950.0E3,959.5E3,968.8E3,936.7E3,990.4E3,991.3E3,957.6E3,966.2E3,980.4E3,961.9E3,979.6E3,965.7E3,954.4E3,950.6E3,966.7E3,967.0E3,983.4E3,970.5E3,988.0E3,945.6E3,948.2E3,981.8E3,1.002E6,942.7E3,958.1E3,923.9E3,962.5E3,965.6E3,953.5E3,950.7E3,960.4E3,976.7E3,962.6E3,962.4E3,979.1E3,959.9E3,936.4E3,948.1E3,981.4E3,974.8E3,947.1E3,979.8E3,982.6E3,993.4E3,953.2E3,949.4E3,926.0E3,966.9E3,983.3E3,1.011E6,933.0E3,996.0E3,948.9E3,944.3E3,946.9E3,973.7E3,958.2E3,967.0E3,978.9E3,957.9E3,959.2E3,936.1E3,953.7E3,962.9E3,964.8E3,982.4E3,960.5E3,977.1E3,991.9E3,997.2E3,952.2E3,951.9E3,988.4E3,973.3E3,971.8E3,978.6E3,977.1E3,965.2E3,956.7E3,964.5E3,970.5E3,975.6E3,959.0E3,958.1E3,975.7E3,941.4E3,985.4E3,946.4E3,972.4E3,978.7E3,953.6E3,948.5E3,937.8E3,941.8E3,929.6E3,957.4E3,994.1E3,966.1E3,965.0E3,986.6E3,944.0E3,976.0E3,972.6E3,965.3E3,969.0E3,1.002E6,990.1E3,967.8E3,984.9E3,994.1E3,960.0E3,971.2E3,984.7E3,945.3E3,943.3E3,1.009E6,980.4E3,958.7E3,932.3E3,974.9E3,951.4E3,953.5E3,1.009E6,960.3E3,950.7E3,947.5E3,961.9E3,953.7E3,1.013E6,989.0E3,967.2E3,959.7E3,966.1E3,983.0E3,961.2E3,971.8E3,959.2E3,949.7E3,961.3E3,987.6E3,943.7E3,934.0E3,974.7E3,964.9E3,957.2E3,953.3E3
31.00,1.020E6,1.024E6,989.0E3,1.012E6,1.036E6,968.3E3,1.035E6,1.019E6,1.031E6,1.017E6,1.029E6,1.009E6,1.002E6,974.5E3,1.018E6,983.3E3,982.3E3,959.9E3,994.7E3,989.0E3,974.5E3,1.022E6,1.013E6,975.3E3,989.6E3,989.2E3,993.9E3,960.7E3,1.011E6,1.043E6,1.029E6,968.2E3,1.007E6,991.3E3,997.4E3,1.018E6,986.9E3,1.017E6,982.7E3,1.010E6,961.1E3,978.5E3,980.1E3,1.016E6,978.3E3,1.032E6,1.021E6,952.4E3,1.005E6,983.4E3,963.2E3,1.051E6,972.5E3,988.1E3,976.1E3,985.5E3,995.5E3,961.5E3,1.007E6,1.022E6,974.2E3,1.015E6,1.013E6,989.5E3,1.013E6,1.003E6,987.9E3,980.9E3,1.012E6,987.4E3,1.005E6,998.2E3,1.014E6,977.5E3,973.1E3,1.033E6,1.031E6,967.0E3,991.0E3,941.8E3,987.9E3,994.8E3,978.0E3,987.7E3,994.5E3,1.015E6,1.012E6,984.9E3,1.026E6,991.2E3,989.3E3,988.6E3,1.005E6,1.001E6,973.1E3,1.019E6,1.002E6,1.019E6,977.5E3,973.9E3,952.7E3,1.008E6,1.005E6,1.062E6,960.9E3,1.030E6,985.0E3,974.4E3,976.4E3,1.002E6,994.7E3,1.001E6,1.007E6,973.1E3,988.8E3,988.8E3,975.8E3,997.7E3,984.4E3,1.026E6,1.004E6,1.005E6,1.023E6,1.022E6,991.4E3,1.001E6,1.019E6,1.002E6,1.031E6,1.001E6,1.009E6,1.010E6,986.5E3,1.007E6,996.0E3,1.026E6,988.6E3,988.2E3,1.003E6,976.6E3,1.024E6,974.7E3,1.015E6,1.006E6,980.5E3,980.8E3,978.2E3,991.5E3,953.9E3,981.4E3,1.029E6,1.023E6,991.4E3,1.025E6,977.2E3,1.014E6,999.6E3,990.2E3,1.002E6,1.032E6,1.017E6,1.006E6,1.015E6,1.055E6,987.7E3,1.030E6,1.022E6,967.9E3,970.5E3,1.047E6,1.013E6,996.9E3,957.1E3,1.018E6,975.1E3,980.9E3,1.040E6,979.4E3,984.8E3,983.7E3,1.004E6,994.6E3,1.059E6,1.036E6,994.9E3,996.0E3,1.027E6,1.009E6,1.010E6,997.0E3,986.6E3,974.0E3,991.9E3,1.017E6,978.2E3,969.0E3,999.4E3,1.012E6,982.7E3,976.2E3
